EAN,Sales,Size,SoldPrice,BoughtPrice,ItemGroupName
95675765,1,L,31,26,35,Top
77354484,7,2XS,35,30,1,Top
78878958,1,32W/32L,51,36,72,Pants
78220526,3,30W/32L,77,59,29,Pants
95675765,9,L,31,26,35,Top
35347959,1,34W/34L,50,40,5,Pants
62238080,0,S,38,27,36,Top
20417844,8,32B,62,51,46,Bra
98205796,7,25-30,6,4,26,Socks
76486556,5,36C,49,39,69,Bra
96825175,4,30W/32L,52,37,96,Pants
60997676,2,36W/34L,86,68,8,Pants
85314026,5,30-36,13,10,01,Socks
93498300,3,30-36,5,3,5,Socks
96882371,9,36D,58,48,14,Bra
94634614,9,25-30,12,8,4,Socks
49874414,6,28W/30L,96,76,8,Pants
99636463,9,XL,30,24,9,Top
11377782,9,30W/32L,78,55,38,Pants
52012304,9,30-36,6,5,16,Socks
40897212,3,34W/34L,63,54,81,Pants
40271090,6,32W/32L,46,36,8,Pants
14795153,9,34W/34L,118,90,86,Pants
89663991,2,30-36,5,3,7,Socks
34154636,3,L,70,50,4,Top
62238080,7,S,38,27,36,Top
22688038,0,25-30,8,7,04,Socks
22529951,7,36W/34L,81,72,09,Pants
72218713,6,30-36,7,5,11,Socks
21781579,9,32C,45,37,8,Bra
21781579,2,32C,45,37,8,Bra
15053519,0,3XL,34,26,86,Top
49563928,2,36D,69,57,27,Bra
82362131,7,S,53,41,34,Top
26074186,8,28W/30L,87,66,12,Pants
30057452,1,One Size,13,9,49,Socks
65751040,9,32C,30,22,8,Bra
79287314,4,XL,39,32,37,Top
99703954,0,32A,33,26,73,Bra
83420789,7,25-30,7,6,09,Socks
78576090,0,32A,33,27,72,Bra
93419668,6,25-30,10,7,3,Socks
19883231,7,3XS,73,52,56,Top
21064376,1,32A,34,28,56,Bra
62171578,0,XXS,71,55,38,Top
59729655,2,25-30,10,8,2,Socks
71216187,5,One Size,5,4,35,Socks
45151546,2,30W/32L,47,34,31,Pants
83369023,6,32C,34,25,5,Bra
22529951,1,36W/34L,81,72,09,Pants
63096181,9,32W/32L,106,90,1,Pants
76141706,2,36C,55,38,5,Bra
57743035,0,25-30,9,7,02,Socks
60015955,9,28W/30L,51,36,72,Pants
50915857,7,32A,57,49,02,Bra
45151546,3,30W/32L,47,34,31,Pants
73489300,6,30-36,9,7,56,Socks
62229698,0,30-36,7,5,88,Socks
58257039,8,36DD,31,23,25,Bra
60997676,5,36W/34L,86,68,8,Pants
17252051,5,32A,34,28,9,Bra
81759114,8,36D,51,37,23,Bra
56930409,2,32A,37,31,82,Bra
42205716,5,2XL,31,23,25,Top
55081920,0,32C,41,34,85,Bra
89091287,3,30-36,9,6,84,Socks
68663069,5,30-36,5,4,05,Socks
47676789,4,36W/34L,104,91,52,Pants
70641969,8,28W/30L,60,52,2,Pants
82618717,5,28W/30L,42,31,92,Pants
50915857,5,32A,57,49,02,Bra
28624594,7,30W/32L,68,55,08,Pants
93498300,4,30-36,5,3,5,Socks
21064376,1,32A,34,28,56,Bra
71216187,8,One Size,5,4,35,Socks
81759114,6,36D,51,37,23,Bra
18803757,1,28W/30L,90,69,3,Pants
63953794,1,XL,50,39,Top
86701656,3,28W/30L,108,77,76,Pants
45151546,9,30W/32L,47,34,31,Pants
78924629,5,36C,35,30,1,Bra
35837318,9,2XL,66,48,84,Top
45151546,8,30W/32L,47,34,31,Pants
99915579,6,32A,50,35,Bra
19009398,3,2XS,50,41,Top
68932616,3,36W/34L,88,77,44,Pants
11276472,3,36W/34L,72,59,04,Pants
78393615,5,25-30,7,5,88,Socks
68421223,3,32W/32L,83,70,55,Pants
44844856,6,M,55,47,3,Top
99636463,5,XL,30,24,9,Top
52012304,4,30-36,6,5,16,Socks
70367927,4,25-30,7,5,53,Socks
30262545,2,32W/32L,76,61,56,Pants
18769637,9,30-36,7,5,18,Socks
70549584,2,XL,79,56,09,Top
15053519,6,3XL,34,26,86,Top
98853164,4,32BB,40,32,Bra
60744968,4,2XL,68,51,68,Top
50152870,5,36D,66,51,48,Bra
63861141,2,25-30,5,4,2,Socks
76486556,1,36C,49,39,69,Bra
62229698,4,30-36,7,5,88,Socks
18277392,5,30-36,10,7,6,Socks
40851080,8,2XL,70,52,5,Top
80884426,1,X242S,63,50,4,Top
91286214,2,32C,66,56,1,Bra
72218713,4,30-36,7,5,11,Socks
99915579,2,32A,50,35,Bra
77225620,1,34W/34L,61,50,63,Pants
82362131,7,S,53,41,34,Top
42457151,2,32BB,34,25,16,Bra
38964440,6,30-36,12,9,6,Socks
16494546,1,One Size,8,6,32,Socks
14795153,8,34W/34L,118,90,86,Pants
28561435,0,32C,43,36,98,Bra
79088311,6,28W/30L,83,62,25,Pants
52075918,2,L,70,55,3,Top
83369023,2,32C,34,25,5,Bra
63111381,4,30-36,13,9,1,Socks
72090082,0,34W/34L,83,72,21,Pants
55594734,8,30-36,6,4,8,Socks
39278940,2,25-30,8,6,4,Socks
18769637,4,30-36,7,5,18,Socks
81516679,5,32W/32L,114,93,48,Pants
19289054,1,2XL,44,30,8,Top
57231733,4,30W/32L,94,78,02,Pants
82362131,4,S,53,41,34,Top
99915579,7,32A,50,35,Bra
78274474,3,36C,66,52,8,Bra
37673727,4,XXS,41,35,26,Top
51750707,8,28W/30L,42,31,08,Pants
37673727,1,XXS,41,35,26,Top
93419668,8,25-30,10,7,3,Socks
99228146,8,36D,46,34,04,Bra
10417089,6,36D,54,38,34,Bra
12736724,5,32W/32L,99,73,26,Pants
71197640,5,XXS,31,26,97,Top
79088311,5,28W/30L,83,62,25,Pants
18768360,3,32W/32L,72,56,16,Pants
93671126,4,XL,33,23,76,Top
32505627,6,32BB,38,33,44,Bra
83369023,0,32C,34,25,5,Bra
61096541,1,30W/32L,76,55,48,Pants
89482398,0,30-36,6,4,74,Socks
53194871,9,30W/32L,112,86,24,Pants
42457151,0,32BB,34,25,16,Bra
32505627,2,32BB,38,33,44,Bra
78878958,7,32W/32L,51,36,72,Pants
22688038,5,25-30,8,7,04,Socks
98205796,0,25-30,6,4,26,Socks
96006630,3,30W/32L,89,71,2,Pants
65844922,2,36DD,40,29,6,Bra
90331544,4,32W/32L,99,88,11,Pants
78274474,2,36C,66,52,8,Bra
97556113,8,XL,28,21,28,Top
78220526,0,30W/32L,77,59,29,Pants
72218713,2,30-36,7,5,11,Socks
98853164,5,32BB,40,32,Bra
78189379,5,28W/30L,92,77,28,Pants
19501403,3,S,25,20,25,Top
60015955,9,28W/30L,51,36,72,Pants
68663069,6,30-36,5,4,05,Socks
53065072,5,32W/32L,117,97,11,Pants
80884426,6,X242S,63,50,4,Top
33736161,5,2XL,32,27,2,Top
50152870,8,36D,66,51,48,Bra
50479122,3,25-30,7,5,11,Socks
74032841,9,30-36,5,3,85,Socks
55536618,4,36DD,62,44,64,Bra
32737776,5,X242S,26,22,62,Top
31480398,4,28W/30L,91,63,7,Pants
30660956,4,2XL,52,45,24,Top
58257039,1,36DD,31,23,25,Bra
19779354,9,X242S,70,51,1,Top
15928860,8,25-30,14,10,5,Socks
74835445,1,32B,33,27,06,Bra
70104738,5,30-36,12,9,24,Socks
32737776,2,X242S,26,22,62,Top
31480398,0,28W/30L,91,63,7,Pants
19779354,4,X242S,70,51,1,Top
93419668,5,25-30,10,7,3,Socks
30057452,5,One Size,13,9,49,Socks
91165885,2,S,64,44,8,Top
27891564,2,XL,29,22,33,Top
42205716,6,2XL,31,23,25,Top
89482398,2,30-36,6,4,74,Socks
22529951,5,36W/34L,81,72,09,Pants
15928860,3,25-30,14,10,5,Socks
98205796,8,25-30,6,4,26,Socks
62171578,4,XXS,71,55,38,Top
38019573,9,2XL,43,30,53,Top
10417089,9,36D,54,38,34,Bra
40897212,7,34W/34L,63,54,81,Pants
13302559,2,2XS,65,48,1,Top
79422752,0,X242S,74,59,94,Top
41030113,4,36DD,64,47,36,Bra
42457151,6,32BB,34,25,16,Bra
40851080,5,2XL,70,52,5,Top
63861141,9,25-30,5,4,2,Socks
89663991,3,30-36,5,3,7,Socks
31669966,8,2XL,41,36,08,Top
86701656,4,28W/30L,108,77,76,Pants
78878958,1,32W/32L,51,36,72,Pants
32505627,1,32BB,38,33,44,Bra
19009398,6,2XS,50,41,Top
77070174,7,32B,35,25,9,Bra
78189379,6,28W/30L,92,77,28,Pants
24857959,2,36D,67,54,27,Bra
74032841,5,30-36,5,3,85,Socks
99886661,0,L,63,45,99,Top
22688038,2,25-30,8,7,04,Socks
13714185,6,30-36,8,6,32,Socks
50152870,7,36D,66,51,48,Bra
24857959,9,36D,67,54,27,Bra
55995953,5,3XL,68,57,8,Top
99915579,1,32A,50,35,Bra
68663069,3,30-36,5,4,05,Socks
34645425,2,25-30,14,10,36,Socks
31669966,6,2XL,41,36,08,Top
21064376,4,32A,34,28,56,Bra
79088311,7,28W/30L,83,62,25,Pants
55081920,4,32C,41,34,85,Bra
99915579,7,32A,50,35,Bra
57743035,5,25-30,9,7,02,Socks
44844856,0,M,55,47,3,Top
42205716,6,2XL,31,23,25,Top
12824695,4,32W/32L,111,81,03,Pants
59986370,8,L,46,33,58,Top
65751040,5,32C,30,22,8,Bra
89091287,0,30-36,9,6,84,Socks
18194004,1,3XL,52,38,48,Top
63111381,7,30-36,13,9,1,Socks
60015955,2,28W/30L,51,36,72,Pants
30205013,7,30W/32L,72,60,48,Pants
13302559,3,2XS,65,48,1,Top
55536618,1,36DD,62,44,64,Bra
13302559,8,2XS,65,48,1,Top
25822800,9,2XL,73,62,05,Top
47109521,9,XXS,49,35,77,Top
37673727,8,XXS,41,35,26,Top
49874414,5,28W/30L,96,76,8,Pants
79422752,1,X242S,74,59,94,Top
19662552,0,30W/32L,53,47,17,Pants
82618717,8,28W/30L,42,31,92,Pants
94412167,8,30W/32L,78,69,42,Pants
96825175,0,30W/32L,52,37,96,Pants
46689828,9,25-30,12,9,84,Socks
38019573,4,2XL,43,30,53,Top
79088311,9,28W/30L,83,62,25,Pants
63861141,2,25-30,5,4,2,Socks
89482398,4,30-36,6,4,74,Socks
66642205,2,S,64,46,72,Top
78576090,1,32A,33,27,72,Bra
99915579,7,32A,50,35,Bra
99228146,6,36D,46,34,04,Bra
94884243,3,One Size,7,5,25,Socks
13714185,4,30-36,8,6,32,Socks
97534688,3,34W/34L,102,74,46,Pants
51399878,9,30W/32L,71,54,67,Pants
97838150,5,One Size,12,9,24,Socks
17252051,8,32A,34,28,9,Bra
11884539,9,L,55,39,05,Top
57231733,8,30W/32L,94,78,02,Pants
55097345,9,S,34,26,18,Top
46017504,2,2XS,22,17,6,Top
19662552,6,30W/32L,53,47,17,Pants
65861215,8,32C,38,26,6,Bra
65751040,8,32C,30,22,8,Bra
11884539,4,L,55,39,05,Top
27200498,5,3XL,33,27,39,Top
18277392,4,30-36,10,7,6,Socks
80884426,0,X242S,63,50,4,Top
74048980,1,34W/34L,82,69,7,Pants
74032841,6,30-36,5,3,85,Socks
77354484,0,2XS,35,30,1,Top
74048980,2,34W/34L,82,69,7,Pants
68663069,9,30-36,5,4,05,Socks
64244630,6,36C,53,47,17,Bra
78878958,0,32W/32L,51,36,72,Pants
62257242,5,One Size,5,3,85,Socks
37530582,0,36W/34L,72,60,48,Pants
78274474,5,36C,66,52,8,Bra
63861141,7,25-30,5,4,2,Socks
74835445,7,32B,33,27,06,Bra
33736161,1,2XL,32,27,2,Top
40851080,8,2XL,70,52,5,Top
21781579,2,32C,45,37,8,Bra
60996521,4,25-30,5,4,4,Socks
41085795,5,36W/34L,82,65,6,Pants
52012304,3,30-36,6,5,16,Socks
71197640,9,XXS,31,26,97,Top
34154636,5,L,70,50,4,Top
46689828,5,25-30,12,9,84,Socks
55010642,2,3XS,37,27,01,Top
82998540,6,One Size,9,6,93,Socks
30057452,4,One Size,13,9,49,Socks
80884426,3,X242S,63,50,4,Top
85314026,8,30-36,13,10,01,Socks
44844856,7,M,55,47,3,Top
93603411,7,32W/32L,63,45,36,Pants
96006630,4,30W/32L,89,71,2,Pants
62171578,0,XXS,71,55,38,Top
97838150,8,One Size,12,9,24,Socks
89663991,2,30-36,5,3,7,Socks
97838150,2,One Size,12,9,24,Socks
45151546,1,30W/32L,47,34,31,Pants
45104131,3,3XL,51,44,37,Top
89663991,3,30-36,5,3,7,Socks
55536618,4,36DD,62,44,64,Bra
12736724,1,32W/32L,99,73,26,Pants
46689828,2,25-30,12,9,84,Socks
42205716,8,2XL,31,23,25,Top
28624594,4,30W/32L,68,55,08,Pants
97556113,5,XL,28,21,28,Top
71216187,1,One Size,5,4,35,Socks
55594734,9,30-36,6,4,8,Socks
82998540,3,One Size,9,6,93,Socks
35837318,2,2XL,66,48,84,Top
38964440,8,30-36,12,9,6,Socks
76141706,6,36C,55,38,5,Bra
81759114,3,36D,51,37,23,Bra
94884243,9,One Size,7,5,25,Socks
74530492,3,32A,61,48,19,Bra
15928860,9,25-30,14,10,5,Socks
30624476,7,32W/32L,112,85,12,Pants
15896685,2,30W/32L,67,56,95,Pants
82998540,4,One Size,9,6,93,Socks
63861141,1,25-30,5,4,2,Socks
13302559,7,2XS,65,48,1,Top
45017288,3,32C,57,42,75,Bra
59986370,4,L,46,33,58,Top
18768360,0,32W/32L,72,56,16,Pants
35292967,1,36W/34L,68,47,6,Pants
84833522,5,32B,46,40,48,Bra
11276472,3,36W/34L,72,59,04,Pants
49540995,3,30-36,7,5,11,Socks
86947402,3,36C,55,41,25,Bra
56166145,5,30-36,9,6,57,Socks
55536618,9,36DD,62,44,64,Bra
33195864,3,25-30,6,5,22,Socks
76141706,9,36C,55,38,5,Bra
33195864,2,25-30,6,5,22,Socks
21064376,4,32A,34,28,56,Bra
31480398,0,28W/30L,91,63,7,Pants
29831491,2,32A,49,35,28,Bra
31639049,6,L,45,34,65,Top
47676789,3,36W/34L,104,91,52,Pants
57231733,2,30W/32L,94,78,02,Pants
58257039,8,36DD,31,23,25,Bra
31480398,7,28W/30L,91,63,7,Pants
42205716,5,2XL,31,23,25,Top
69651883,3,36D,64,50,56,Bra
49540995,0,30-36,7,5,11,Socks
41940983,0,36D,40,33,6,Bra
18270156,4,One Size,5,4,Socks
94634614,7,25-30,12,8,4,Socks
91286214,1,32C,66,56,1,Bra
29859355,4,One Size,10,8,3,Socks
33195864,0,25-30,6,5,22,Socks
79088311,5,28W/30L,83,62,25,Pants
19289054,4,2XL,44,30,8,Top
63296547,9,One Size,8,7,04,Socks
91286214,3,32C,66,56,1,Bra
95675765,9,L,31,26,35,Top
70829785,3,30W/32L,90,75,6,Pants
37609437,9,2XS,37,26,64,Top
30487620,1,32C,60,43,2,Bra
24857959,8,36D,67,54,27,Bra
96006630,8,30W/32L,89,71,2,Pants
84833522,6,32B,46,40,48,Bra
99915579,3,32A,50,35,Bra
94550707,9,S,60,42,Top
93498300,8,30-36,5,3,5,Socks
50479122,2,25-30,7,5,11,Socks
30262545,5,32W/32L,76,61,56,Pants
99915579,8,32A,50,35,Bra
19883231,9,3XS,73,52,56,Top
16231089,9,36C,43,33,11,Bra
60996521,9,25-30,5,4,4,Socks
83369023,5,32C,34,25,5,Bra
60997676,1,36W/34L,86,68,8,Pants
83369023,1,32C,34,25,5,Bra
77225620,3,34W/34L,61,50,63,Pants
56166145,6,30-36,9,6,57,Socks
27200498,5,3XL,33,27,39,Top
59729655,6,25-30,10,8,2,Socks
53194871,6,30W/32L,112,86,24,Pants
55995953,4,3XL,68,57,8,Top
94634614,0,25-30,12,8,4,Socks
52075918,4,L,70,55,3,Top
74835445,9,32B,33,27,06,Bra
94884243,8,One Size,7,5,25,Socks
99221141,1,36DD,57,45,03,Bra
37609437,2,2XS,37,26,64,Top
55594734,4,30-36,6,4,8,Socks
31078666,8,34W/34L,94,69,56,Pants
79088311,4,28W/30L,83,62,25,Pants
96064687,8,32C,32,28,48,Bra
37757066,8,L,56,47,04,Top
52012304,8,30-36,6,5,16,Socks
31480398,5,28W/30L,91,63,7,Pants
68421223,6,32W/32L,83,70,55,Pants
41134767,4,32W/32L,118,97,94,Pants
99221141,9,36DD,57,45,03,Bra
15053519,2,3XL,34,26,86,Top
46154894,4,M,69,58,65,Top
60744968,9,2XL,68,51,68,Top
82618717,0,28W/30L,42,31,92,Pants
21781579,3,32C,45,37,8,Bra
18194004,0,3XL,52,38,48,Top
66642205,3,S,64,46,72,Top
93498300,7,30-36,5,3,5,Socks
81759114,4,36D,51,37,23,Bra
94884243,5,One Size,7,5,25,Socks
41614050,4,34W/34L,70,51,1,Pants
70549584,9,XL,79,56,09,Top
17332663,0,25-30,14,11,2,Socks
50915857,5,32A,57,49,02,Bra
21781579,9,32C,45,37,8,Bra
34645425,4,25-30,14,10,36,Socks
15053519,2,3XL,34,26,86,Top
99221141,3,36DD,57,45,03,Bra
77354484,7,2XS,35,30,1,Top
99221141,9,36DD,57,45,03,Bra
68421223,1,32W/32L,83,70,55,Pants
55097345,7,S,34,26,18,Top
79088311,7,28W/30L,83,62,25,Pants
28576327,0,3XL,78,63,18,Top
32728389,1,28W/30L,55,42,9,Pants
70289842,1,32W/32L,89,71,2,Pants
30195926,2,32B,31,23,87,Bra
70549584,2,XL,79,56,09,Top
10594075,6,30W/32L,41,29,11,Pants
46017504,4,2XS,22,17,6,Top
25822800,9,2XL,73,62,05,Top
89482398,7,30-36,6,4,74,Socks
62238080,6,S,38,27,36,Top
28624594,6,30W/32L,68,55,08,Pants
30057452,3,One Size,13,9,49,Socks
31078666,4,34W/34L,94,69,56,Pants
60997676,9,36W/34L,86,68,8,Pants
80896265,6,28W/30L,44,37,84,Pants
42205716,5,2XL,31,23,25,Top
46495873,6,M,78,64,74,Top
27917118,4,36DD,48,39,84,Bra
99915579,1,32A,50,35,Bra
98853164,1,32BB,40,32,Bra
98853164,2,32BB,40,32,Bra
70367927,0,25-30,7,5,53,Socks
65861215,6,32C,38,26,6,Bra
96006630,7,30W/32L,89,71,2,Pants
22529951,0,36W/34L,81,72,09,Pants
90331544,9,32W/32L,99,88,11,Pants
31639049,5,L,45,34,65,Top
86701656,2,28W/30L,108,77,76,Pants
70367927,3,25-30,7,5,53,Socks
63861141,8,25-30,5,4,2,Socks
82362131,5,S,53,41,34,Top
46154894,6,M,69,58,65,Top
45448705,5,32W/32L,85,70,55,Pants
94412167,8,30W/32L,78,69,42,Pants
78274474,3,36C,66,52,8,Bra
56930409,5,32A,37,31,82,Bra
78393615,2,25-30,7,5,88,Socks
61497837,5,25-30,9,7,74,Socks
99886661,5,L,63,45,99,Top
25434681,6,32B,41,35,26,Bra
27891564,1,XL,29,22,33,Top
41085795,8,36W/34L,82,65,6,Pants
41134767,8,32W/32L,118,97,94,Pants
15896685,0,30W/32L,67,56,95,Pants
57852105,8,30W/32L,99,80,19,Pants
18277392,5,30-36,10,7,6,Socks
52183299,7,32A,32,26,88,Bra
64244630,9,36C,53,47,17,Bra
22688038,8,25-30,8,7,04,Socks
62238080,2,S,38,27,36,Top
41134767,6,32W/32L,118,97,94,Pants
28576327,9,3XL,78,63,18,Top
11377782,4,30W/32L,78,55,38,Pants
19883231,1,3XS,73,52,56,Top
81516679,7,32W/32L,114,93,48,Pants
13714185,0,30-36,8,6,32,Socks
55081920,5,32C,41,34,85,Bra
30624476,5,32W/32L,112,85,12,Pants
38019573,7,2XL,43,30,53,Top
38964440,1,30-36,12,9,6,Socks
15928860,9,25-30,14,10,5,Socks
78924629,8,36C,35,30,1,Bra
27891564,5,XL,29,22,33,Top
62563778,5,36DD,50,44,5,Bra
94550707,4,S,60,42,Top
31669966,9,2XL,41,36,08,Top
22529951,6,36W/34L,81,72,09,Pants
30057452,2,One Size,13,9,49,Socks
25434681,6,32B,41,35,26,Bra
51750707,4,28W/30L,42,31,08,Pants
73489300,2,30-36,9,7,56,Socks
49540995,6,30-36,7,5,11,Socks
74835445,2,32B,33,27,06,Bra
78189379,7,28W/30L,92,77,28,Pants
28561435,1,32C,43,36,98,Bra
31639049,2,L,45,34,65,Top
30487620,4,32C,60,43,2,Bra
74032841,4,30-36,5,3,85,Socks
55536618,6,36DD,62,44,64,Bra
83420789,4,25-30,7,6,09,Socks
94550707,1,S,60,42,Top
50152870,7,36D,66,51,48,Bra
74048980,0,34W/34L,82,69,7,Pants
15896685,3,30W/32L,67,56,95,Pants
41940983,8,36D,40,33,6,Bra
89663991,7,30-36,5,3,7,Socks
18358469,8,25-30,12,8,88,Socks
35292967,4,36W/34L,68,47,6,Pants
72090082,8,34W/34L,83,72,21,Pants
59729655,7,25-30,10,8,2,Socks
94884243,0,One Size,7,5,25,Socks
19779354,5,X242S,70,51,1,Top
62238080,2,S,38,27,36,Top
52075918,1,L,70,55,3,Top
41940983,5,36D,40,33,6,Bra
55536618,2,36DD,62,44,64,Bra
67955878,9,2XS,70,58,1,Top
94906647,3,32C,33,23,1,Bra
93943429,2,30-36,14,9,8,Socks
33736161,2,2XL,32,27,2,Top
84598951,4,30-36,11,7,92,Socks
61156168,5,30W/32L,67,48,91,Pants
41614050,0,34W/34L,70,51,1,Pants
25434681,8,32B,41,35,26,Bra
46495873,3,M,78,64,74,Top
17252051,5,32A,34,28,9,Bra
41085795,9,36W/34L,82,65,6,Pants
33195864,4,25-30,6,5,22,Socks
86701656,1,28W/30L,108,77,76,Pants
55995953,4,3XL,68,57,8,Top
32737776,1,X242S,26,22,62,Top
25434681,6,32B,41,35,26,Bra
26074186,9,28W/30L,87,66,12,Pants
99915579,4,32A,50,35,Bra
26074186,7,28W/30L,87,66,12,Pants
40170965,2,36C,35,29,75,Bra
62238080,5,S,38,27,36,Top
18803757,6,28W/30L,90,69,3,Pants
52012304,8,30-36,6,5,16,Socks
19779354,1,X242S,70,51,1,Top
74032841,2,30-36,5,3,85,Socks
21781579,4,32C,45,37,8,Bra
61096541,4,30W/32L,76,55,48,Pants
76486556,5,36C,49,39,69,Bra
24857959,7,36D,67,54,27,Bra
74048980,3,34W/34L,82,69,7,Pants
82618717,6,28W/30L,42,31,92,Pants
85314026,9,30-36,13,10,01,Socks
17941206,5,25-30,6,4,56,Socks
39278940,4,25-30,8,6,4,Socks
31669966,8,2XL,41,36,08,Top
19779354,7,X242S,70,51,1,Top
52012304,0,30-36,6,5,16,Socks
68421223,2,32W/32L,83,70,55,Pants
22688038,9,25-30,8,7,04,Socks
46154894,1,M,69,58,65,Top
65861215,2,32C,38,26,6,Bra
37757066,4,L,56,47,04,Top
18768360,6,32W/32L,72,56,16,Pants
68663069,4,30-36,5,4,05,Socks
26074186,6,28W/30L,87,66,12,Pants
15523097,7,32B,32,27,2,Bra
78220526,1,30W/32L,77,59,29,Pants
82078990,6,XL,20,17,4,Top
35931417,4,25-30,10,8,3,Socks
37673727,4,XXS,41,35,26,Top
65751040,1,32C,30,22,8,Bra
74048980,3,34W/34L,82,69,7,Pants
61156168,2,30W/32L,67,48,91,Pants
38019573,8,2XL,43,30,53,Top
28561435,0,32C,43,36,98,Bra
18768360,3,32W/32L,72,56,16,Pants
28561435,7,32C,43,36,98,Bra
22529951,5,36W/34L,81,72,09,Pants
74048980,6,34W/34L,82,69,7,Pants
80896265,0,28W/30L,44,37,84,Pants
79422752,8,X242S,74,59,94,Top
89091287,4,30-36,9,6,84,Socks
81759114,3,36D,51,37,23,Bra
30057452,1,One Size,13,9,49,Socks
86701656,6,28W/30L,108,77,76,Pants
89663991,4,30-36,5,3,7,Socks
25822800,1,2XL,73,62,05,Top
82078990,7,XL,20,17,4,Top
68932616,4,36W/34L,88,77,44,Pants
38019573,4,2XL,43,30,53,Top
46017504,6,2XS,22,17,6,Top
34645425,2,25-30,14,10,36,Socks
78924629,7,36C,35,30,1,Bra
83369023,7,32C,34,25,5,Bra
94634614,4,25-30,12,8,4,Socks
19883231,2,3XS,73,52,56,Top
41030113,4,36DD,64,47,36,Bra
94550707,4,S,60,42,Top
12824695,9,32W/32L,111,81,03,Pants
37530582,2,36W/34L,72,60,48,Pants
30624476,5,32W/32L,112,85,12,Pants
86701656,4,28W/30L,108,77,76,Pants
66642205,9,S,64,46,72,Top
41134767,5,32W/32L,118,97,94,Pants
63861141,2,25-30,5,4,2,Socks
11276472,1,36W/34L,72,59,04,Pants
61156168,7,30W/32L,67,48,91,Pants
97556113,0,XL,28,21,28,Top
37530582,8,36W/34L,72,60,48,Pants
19779354,4,X242S,70,51,1,Top
44844856,9,M,55,47,3,Top
30195926,4,32B,31,23,87,Bra
46495873,3,M,78,64,74,Top
31480398,2,28W/30L,91,63,7,Pants
62257242,0,One Size,5,3,85,Socks
33736161,7,2XL,32,27,2,Top
34154636,6,L,70,50,4,Top
27200498,0,3XL,33,27,39,Top
51399878,2,30W/32L,71,54,67,Pants
84833522,0,32B,46,40,48,Bra
21064376,3,32A,34,28,56,Bra
78576090,4,32A,33,27,72,Bra
35292967,2,36W/34L,68,47,6,Pants
11377782,6,30W/32L,78,55,38,Pants
28561435,3,32C,43,36,98,Bra
55081920,6,32C,41,34,85,Bra
32505627,0,32BB,38,33,44,Bra
79287314,4,XL,39,32,37,Top
17252051,9,32A,34,28,9,Bra
94550707,1,S,60,42,Top
70367927,7,25-30,7,5,53,Socks
77365514,1,One Size,9,6,57,Socks
60997676,3,36W/34L,86,68,8,Pants
61497837,3,25-30,9,7,74,Socks
46294096,5,XL,46,37,72,Top
44419170,5,25-30,6,5,28,Socks
78189379,2,28W/30L,92,77,28,Pants
96882371,0,36D,58,48,14,Bra
96064687,8,32C,32,28,48,Bra
67955878,6,2XS,70,58,1,Top
61156168,6,30W/32L,67,48,91,Pants
57231733,1,30W/32L,94,78,02,Pants
90331544,3,32W/32L,99,88,11,Pants
18358469,0,25-30,12,8,88,Socks
78878958,5,32W/32L,51,36,72,Pants
89051843,4,32A,59,46,02,Bra
40271090,7,32W/32L,46,36,8,Pants
60744968,6,2XL,68,51,68,Top
86947402,1,36C,55,41,25,Bra
59729655,2,25-30,10,8,2,Socks
89051843,0,32A,59,46,02,Bra
70829785,7,30W/32L,90,75,6,Pants
63861141,2,25-30,5,4,2,Socks
41085795,5,36W/34L,82,65,6,Pants
68932616,0,36W/34L,88,77,44,Pants
77070174,6,32B,35,25,9,Bra
95675765,5,L,31,26,35,Top
57231733,5,30W/32L,94,78,02,Pants
89091287,9,30-36,9,6,84,Socks
51399878,1,30W/32L,71,54,67,Pants
47676789,0,36W/34L,104,91,52,Pants
29831491,2,32A,49,35,28,Bra
61497837,6,25-30,9,7,74,Socks
29728258,8,32B,58,47,56,Bra
96825175,7,30W/32L,52,37,96,Pants
18768360,0,32W/32L,72,56,16,Pants
74048980,4,34W/34L,82,69,7,Pants
93604666,2,3XL,68,55,08,Top
47676789,8,36W/34L,104,91,52,Pants
12736724,3,32W/32L,99,73,26,Pants
18769637,2,30-36,7,5,18,Socks
91972539,7,36C,49,39,69,Bra
94634614,3,25-30,12,8,4,Socks
61156168,2,30W/32L,67,48,91,Pants
82078990,9,XL,20,17,4,Top
30624476,9,32W/32L,112,85,12,Pants
49563928,6,36D,69,57,27,Bra
91286214,7,32C,66,56,1,Bra
93943429,6,30-36,14,9,8,Socks
79278946,4,X242S,42,30,66,Top
31639049,6,L,45,34,65,Top
81759114,3,36D,51,37,23,Bra
62171578,1,XXS,71,55,38,Top
24857959,2,36D,67,54,27,Bra
96064687,7,32C,32,28,48,Bra
14795153,1,34W/34L,118,90,86,Pants
76486556,2,36C,49,39,69,Bra
70549584,2,XL,79,56,09,Top
63861141,0,25-30,5,4,2,Socks
41614050,0,34W/34L,70,51,1,Pants
45448705,2,32W/32L,85,70,55,Pants
83369023,0,32C,34,25,5,Bra
82743561,6,30-36,11,8,25,Socks
63861141,4,25-30,5,4,2,Socks
49563928,4,36D,69,57,27,Bra
99915579,2,32A,50,35,Bra
78576090,5,32A,33,27,72,Bra
58257039,9,36DD,31,23,25,Bra
74675633,0,M,51,44,88,Top
63111381,0,30-36,13,9,1,Socks
15896685,3,30W/32L,67,56,95,Pants
27917118,6,36DD,48,39,84,Bra
19883231,6,3XS,73,52,56,Top
15928860,2,25-30,14,10,5,Socks
74048980,8,34W/34L,82,69,7,Pants
60744968,4,2XL,68,51,68,Top
70367927,9,25-30,7,5,53,Socks
96006630,2,30W/32L,89,71,2,Pants
22177821,8,25-30,14,10,36,Socks
22688038,7,25-30,8,7,04,Socks
76486556,1,36C,49,39,69,Bra
62229698,5,30-36,7,5,88,Socks
84047036,5,25-30,13,10,01,Socks
46495873,4,M,78,64,74,Top
19779354,7,X242S,70,51,1,Top
40170965,9,36C,35,29,75,Bra
82362131,1,S,53,41,34,Top
58257039,5,36DD,31,23,25,Bra
94906647,3,32C,33,23,1,Bra
18768360,6,32W/32L,72,56,16,Pants
83369023,2,32C,34,25,5,Bra
52183299,2,32A,32,26,88,Bra
79287314,0,XL,39,32,37,Top
20417844,9,32B,62,51,46,Bra
18803757,0,28W/30L,90,69,3,Pants
63111381,9,30-36,13,9,1,Socks
30660956,6,2XL,52,45,24,Top
57743035,1,25-30,9,7,02,Socks
40170965,8,36C,35,29,75,Bra
11884539,4,L,55,39,05,Top
30660956,5,2XL,52,45,24,Top
46017504,0,2XS,22,17,6,Top
37530582,0,36W/34L,72,60,48,Pants
49874414,7,28W/30L,96,76,8,Pants
80896265,8,28W/30L,44,37,84,Pants
74048980,5,34W/34L,82,69,7,Pants
99886661,7,L,63,45,99,Top
81759114,9,36D,51,37,23,Bra
76141706,8,36C,55,38,5,Bra
96064687,4,32C,32,28,48,Bra
28561435,8,32C,43,36,98,Bra
99703954,4,32A,33,26,73,Bra
84047036,1,25-30,13,10,01,Socks
94906647,7,32C,33,23,1,Bra
31480398,6,28W/30L,91,63,7,Pants
94884243,7,One Size,7,5,25,Socks
73489300,7,30-36,9,7,56,Socks
19289054,1,2XL,44,30,8,Top
22688038,9,25-30,8,7,04,Socks
80896265,3,28W/30L,44,37,84,Pants
29859355,2,One Size,10,8,3,Socks
49874414,8,28W/30L,96,76,8,Pants
41940983,3,36D,40,33,6,Bra
10594075,2,30W/32L,41,29,11,Pants
47109521,5,XXS,49,35,77,Top
46495873,9,M,78,64,74,Top
60996521,4,25-30,5,4,4,Socks
61497837,0,25-30,9,7,74,Socks
37757066,0,L,56,47,04,Top
19289054,9,2XL,44,30,8,Top
81759114,6,36D,51,37,23,Bra
63296547,4,One Size,8,7,04,Socks
99886661,7,L,63,45,99,Top
60997676,2,36W/34L,86,68,8,Pants
60015955,0,28W/30L,51,36,72,Pants
38964440,7,30-36,12,9,6,Socks
55081920,4,32C,41,34,85,Bra
94550707,1,S,60,42,Top
42457151,7,32BB,34,25,16,Bra
18270156,2,One Size,5,4,Socks
63953794,0,XL,50,39,Top
89663991,1,30-36,5,3,7,Socks
34154636,2,L,70,50,4,Top
57231733,5,30W/32L,94,78,02,Pants
55010642,2,3XS,37,27,01,Top
30262545,0,32W/32L,76,61,56,Pants
46703066,5,32B,49,40,18,Bra
19009398,1,2XS,50,41,Top
93671126,9,XL,33,23,76,Top
18277392,1,30-36,10,7,6,Socks
64244630,4,36C,53,47,17,Bra
86281541,0,36C,35,27,3,Bra
66642205,1,S,64,46,72,Top
34645425,7,25-30,14,10,36,Socks
70289842,8,32W/32L,89,71,2,Pants
63096181,0,32W/32L,106,90,1,Pants
62563778,0,36DD,50,44,5,Bra
19883231,7,3XS,73,52,56,Top
62229698,6,30-36,7,5,88,Socks
45151546,9,30W/32L,47,34,31,Pants
93603411,1,32W/32L,63,45,36,Pants
84150951,0,3XS,39,33,93,Top
32728389,0,28W/30L,55,42,9,Pants
78393615,3,25-30,7,5,88,Socks
76141706,5,36C,55,38,5,Bra
97838150,8,One Size,12,9,24,Socks
86281541,4,36C,35,27,3,Bra
42457151,6,32BB,34,25,16,Bra
89051843,9,32A,59,46,02,Bra
28624594,4,30W/32L,68,55,08,Pants
95675765,5,L,31,26,35,Top
12824695,5,32W/32L,111,81,03,Pants
96825175,4,30W/32L,52,37,96,Pants
63096181,9,32W/32L,106,90,1,Pants
37673727,7,XXS,41,35,26,Top
59986370,8,L,46,33,58,Top
30660956,8,2XL,52,45,24,Top
62257242,7,One Size,5,3,85,Socks
20417844,3,32B,62,51,46,Bra
11884539,3,L,55,39,05,Top
50152870,2,36D,66,51,48,Bra
28576327,5,3XL,78,63,18,Top
22529951,2,36W/34L,81,72,09,Pants
96825175,0,30W/32L,52,37,96,Pants
77365514,5,One Size,9,6,57,Socks
30057452,7,One Size,13,9,49,Socks
29859355,4,One Size,10,8,3,Socks
31669966,5,2XL,41,36,08,Top
31480398,0,28W/30L,91,63,7,Pants
14795153,6,34W/34L,118,90,86,Pants
76486556,6,36C,49,39,69,Bra
45151546,9,30W/32L,47,34,31,Pants
49563928,8,36D,69,57,27,Bra
98194322,9,32C,51,43,35,Bra
28624594,0,30W/32L,68,55,08,Pants
61156168,6,30W/32L,67,48,91,Pants
91972539,7,36C,49,39,69,Bra
14795153,6,34W/34L,118,90,86,Pants
33195864,2,25-30,6,5,22,Socks
78220526,3,30W/32L,77,59,29,Pants
15928860,4,25-30,14,10,5,Socks
27891564,3,XL,29,22,33,Top
30057452,4,One Size,13,9,49,Socks
44844856,7,M,55,47,3,Top
41134767,9,32W/32L,118,97,94,Pants
66642205,9,S,64,46,72,Top
21781579,5,32C,45,37,8,Bra
15053519,9,3XL,34,26,86,Top
26074186,2,28W/30L,87,66,12,Pants
71197640,7,XXS,31,26,97,Top
70829785,4,30W/32L,90,75,6,Pants
50479122,8,25-30,7,5,11,Socks
63296547,4,One Size,8,7,04,Socks
91165885,7,S,64,44,8,Top
94550707,0,S,60,42,Top
65751040,3,32C,30,22,8,Bra
78393615,1,25-30,7,5,88,Socks
12736724,0,32W/32L,99,73,26,Pants
34616971,0,M,22,15,4,Top
99703954,2,32A,33,26,73,Bra
34154636,1,L,70,50,4,Top
31639049,7,L,45,34,65,Top
84833522,2,32B,46,40,48,Bra
51750707,8,28W/30L,42,31,08,Pants
84598951,5,30-36,11,7,92,Socks
49563928,2,36D,69,57,27,Bra
89051843,6,32A,59,46,02,Bra
74048980,0,34W/34L,82,69,7,Pants
32728389,6,28W/30L,55,42,9,Pants
59986370,9,L,46,33,58,Top
61497837,3,25-30,9,7,74,Socks
93419668,8,25-30,10,7,3,Socks
78393615,0,25-30,7,5,88,Socks
18768360,7,32W/32L,72,56,16,Pants
19779354,9,X242S,70,51,1,Top
98694948,6,32A,55,41,25,Bra
50915857,6,32A,57,49,02,Bra
22688038,0,25-30,8,7,04,Socks
18194004,0,3XL,52,38,48,Top
11276472,4,36W/34L,72,59,04,Pants
85314026,0,30-36,13,10,01,Socks
30487620,6,32C,60,43,2,Bra
78878958,5,32W/32L,51,36,72,Pants
52183299,9,32A,32,26,88,Bra
37530582,5,36W/34L,72,60,48,Pants
32737776,0,X242S,26,22,62,Top
77070174,7,32B,35,25,9,Bra
46294096,2,XL,46,37,72,Top
39278940,5,25-30,8,6,4,Socks
46294096,1,XL,46,37,72,Top
82743561,6,30-36,11,8,25,Socks
18194004,9,3XL,52,38,48,Top
78393615,0,25-30,7,5,88,Socks
78878958,9,32W/32L,51,36,72,Pants
35931417,4,25-30,10,8,3,Socks
63111381,6,30-36,13,9,1,Socks
33195864,4,25-30,6,5,22,Socks
99221141,4,36DD,57,45,03,Bra
98194322,0,32C,51,43,35,Bra
93419668,6,25-30,10,7,3,Socks
28561435,4,32C,43,36,98,Bra
63861141,0,25-30,5,4,2,Socks
28561435,5,32C,43,36,98,Bra
76486556,1,36C,49,39,69,Bra
50915857,9,32A,57,49,02,Bra
30057452,9,One Size,13,9,49,Socks
55097345,2,S,34,26,18,Top
25434681,2,32B,41,35,26,Bra
96064687,1,32C,32,28,48,Bra
51399878,5,30W/32L,71,54,67,Pants
53194871,8,30W/32L,112,86,24,Pants
41085795,3,36W/34L,82,65,6,Pants
78274474,2,36C,66,52,8,Bra
74530492,5,32A,61,48,19,Bra
18768360,0,32W/32L,72,56,16,Pants
96006630,2,30W/32L,89,71,2,Pants
35347959,4,34W/34L,50,40,5,Pants
20417844,5,32B,62,51,46,Bra
18194004,1,3XL,52,38,48,Top
41134767,0,32W/32L,118,97,94,Pants
81759114,1,36D,51,37,23,Bra
66642205,2,S,64,46,72,Top
35931417,3,25-30,10,8,3,Socks
18277392,4,30-36,10,7,6,Socks
37757066,5,L,56,47,04,Top
21781579,3,32C,45,37,8,Bra
78189379,6,28W/30L,92,77,28,Pants
46294096,3,XL,46,37,72,Top
39278940,9,25-30,8,6,4,Socks
15928860,0,25-30,14,10,5,Socks
62238080,1,S,38,27,36,Top
19883231,8,3XS,73,52,56,Top
82998540,4,One Size,9,6,93,Socks
93671126,3,XL,33,23,76,Top
79278946,5,X242S,42,30,66,Top
14795153,5,34W/34L,118,90,86,Pants
93671126,6,XL,33,23,76,Top
77070174,7,32B,35,25,9,Bra
66642205,9,S,64,46,72,Top
96882371,1,36D,58,48,14,Bra
55010642,7,3XS,37,27,01,Top
27891564,4,XL,29,22,33,Top
50479122,1,25-30,7,5,11,Socks
83369023,0,32C,34,25,5,Bra
99636463,9,XL,30,24,9,Top
32505627,5,32BB,38,33,44,Bra
41134767,2,32W/32L,118,97,94,Pants
93419668,6,25-30,10,7,3,Socks
46689828,1,25-30,12,9,84,Socks
37673727,0,XXS,41,35,26,Top
77365514,1,One Size,9,6,57,Socks
93603411,1,32W/32L,63,45,36,Pants
74032841,5,30-36,5,3,85,Socks
70829785,3,30W/32L,90,75,6,Pants
28624594,2,30W/32L,68,55,08,Pants
51750707,3,28W/30L,42,31,08,Pants
79287314,1,XL,39,32,37,Top
46017504,9,2XS,22,17,6,Top
84598951,5,30-36,11,7,92,Socks
80884426,8,X242S,63,50,4,Top
82743561,1,30-36,11,8,25,Socks
84150951,1,3XS,39,33,93,Top
22688038,5,25-30,8,7,04,Socks
70549584,6,XL,79,56,09,Top
68932616,5,36W/34L,88,77,44,Pants
72218713,8,30-36,7,5,11,Socks
52075918,9,L,70,55,3,Top
18768360,8,32W/32L,72,56,16,Pants
18768360,6,32W/32L,72,56,16,Pants
60997676,8,36W/34L,86,68,8,Pants
27200498,6,3XL,33,27,39,Top
74032841,8,30-36,5,3,85,Socks
12736724,9,32W/32L,99,73,26,Pants
94906647,3,32C,33,23,1,Bra
41085795,9,36W/34L,82,65,6,Pants
99703954,9,32A,33,26,73,Bra
53194871,3,30W/32L,112,86,24,Pants
27200498,4,3XL,33,27,39,Top
94550707,2,S,60,42,Top
37673727,5,XXS,41,35,26,Top
96006630,0,30W/32L,89,71,2,Pants
72090082,7,34W/34L,83,72,21,Pants
82618717,7,28W/30L,42,31,92,Pants
57231733,5,30W/32L,94,78,02,Pants
18769637,9,30-36,7,5,18,Socks
98694948,6,32A,55,41,25,Bra
85314026,8,30-36,13,10,01,Socks
18270156,7,One Size,5,4,Socks
28561435,1,32C,43,36,98,Bra
44419170,1,25-30,6,5,28,Socks
79278946,4,X242S,42,30,66,Top
16494546,9,One Size,8,6,32,Socks
95675765,0,L,31,26,35,Top
62229698,8,30-36,7,5,88,Socks
45151546,6,30W/32L,47,34,31,Pants
82743561,9,30-36,11,8,25,Socks
59729655,0,25-30,10,8,2,Socks
29831491,1,32A,49,35,28,Bra
29859355,9,One Size,10,8,3,Socks
15928860,7,25-30,14,10,5,Socks
45104131,3,3XL,51,44,37,Top
82998540,8,One Size,9,6,93,Socks
18769637,4,30-36,7,5,18,Socks
86281541,1,36C,35,27,3,Bra
99915579,2,32A,50,35,Bra
77354484,2,2XS,35,30,1,Top
99636463,8,XL,30,24,9,Top
52075918,8,L,70,55,3,Top
40170965,2,36C,35,29,75,Bra
64244630,0,36C,53,47,17,Bra
34645425,9,25-30,14,10,36,Socks
68421223,4,32W/32L,83,70,55,Pants
65861215,8,32C,38,26,6,Bra
55536618,9,36DD,62,44,64,Bra
74032841,6,30-36,5,3,85,Socks
28561435,2,32C,43,36,98,Bra
89051843,8,32A,59,46,02,Bra
67955878,9,2XS,70,58,1,Top
81759114,3,36D,51,37,23,Bra
44844856,0,M,55,47,3,Top
89663991,1,30-36,5,3,7,Socks
74835445,7,32B,33,27,06,Bra
56930409,1,32A,37,31,82,Bra
71197640,0,XXS,31,26,97,Top
13302559,6,2XS,65,48,1,Top
44844856,1,M,55,47,3,Top
47109521,0,XXS,49,35,77,Top
63861141,7,25-30,5,4,2,Socks
84150951,8,3XS,39,33,93,Top
89051843,9,32A,59,46,02,Bra
61156168,1,30W/32L,67,48,91,Pants
86281541,6,36C,35,27,3,Bra
73489300,4,30-36,9,7,56,Socks
28624594,6,30W/32L,68,55,08,Pants
27917118,7,36DD,48,39,84,Bra
91165885,2,S,64,44,8,Top
37673727,4,XXS,41,35,26,Top
46294096,4,XL,46,37,72,Top
22688038,8,25-30,8,7,04,Socks
89091287,6,30-36,9,6,84,Socks
49874414,4,28W/30L,96,76,8,Pants
63953794,0,XL,50,39,Top
21781579,4,32C,45,37,8,Bra
35837318,9,2XL,66,48,84,Top
17941206,2,25-30,6,4,56,Socks
61096541,7,30W/32L,76,55,48,Pants
27200498,4,3XL,33,27,39,Top
63111381,2,30-36,13,9,1,Socks
13714185,5,30-36,8,6,32,Socks
30487620,5,32C,60,43,2,Bra
96006630,3,30W/32L,89,71,2,Pants
12736724,9,32W/32L,99,73,26,Pants
20417844,3,32B,62,51,46,Bra
77354484,9,2XS,35,30,1,Top
17252051,2,32A,34,28,9,Bra
32728389,1,28W/30L,55,42,9,Pants
89663991,3,30-36,5,3,7,Socks
96825175,1,30W/32L,52,37,96,Pants
84047036,2,25-30,13,10,01,Socks
99636463,2,XL,30,24,9,Top
22177821,2,25-30,14,10,36,Socks
68421223,3,32W/32L,83,70,55,Pants
28624594,8,30W/32L,68,55,08,Pants
19009398,6,2XS,50,41,Top
74048980,0,34W/34L,82,69,7,Pants
45448705,7,32W/32L,85,70,55,Pants
13714185,0,30-36,8,6,32,Socks
70549584,6,XL,79,56,09,Top
40851080,0,2XL,70,52,5,Top
70367927,5,25-30,7,5,53,Socks
35837318,3,2XL,66,48,84,Top
70829785,5,30W/32L,90,75,6,Pants
99915579,6,32A,50,35,Bra
77070174,0,32B,35,25,9,Bra
93498300,9,30-36,5,3,5,Socks
19289054,2,2XL,44,30,8,Top
63111381,0,30-36,13,9,1,Socks
37530582,0,36W/34L,72,60,48,Pants
76141706,8,36C,55,38,5,Bra
40897212,2,34W/34L,63,54,81,Pants
93603411,9,32W/32L,63,45,36,Pants
53065072,4,32W/32L,117,97,11,Pants
19662552,5,30W/32L,53,47,17,Pants
61497837,5,25-30,9,7,74,Socks
49874414,8,28W/30L,96,76,8,Pants
19883231,4,3XS,73,52,56,Top
93943429,3,30-36,14,9,8,Socks
41614050,3,34W/34L,70,51,1,Pants
57743035,7,25-30,9,7,02,Socks
78878958,0,32W/32L,51,36,72,Pants
77365514,2,One Size,9,6,57,Socks
52012304,6,30-36,6,5,16,Socks
47676789,4,36W/34L,104,91,52,Pants
12824695,9,32W/32L,111,81,03,Pants
15053519,5,3XL,34,26,86,Top
31669966,4,2XL,41,36,08,Top
93943429,7,30-36,14,9,8,Socks
94550707,3,S,60,42,Top
30487620,8,32C,60,43,2,Bra
72090082,7,34W/34L,83,72,21,Pants
79287314,3,XL,39,32,37,Top
93419668,1,25-30,10,7,3,Socks
12824695,8,32W/32L,111,81,03,Pants
25434681,2,32B,41,35,26,Bra
77070174,5,32B,35,25,9,Bra
15928860,5,25-30,14,10,5,Socks
78220526,0,30W/32L,77,59,29,Pants
50915857,9,32A,57,49,02,Bra
11377782,9,30W/32L,78,55,38,Pants
17252051,4,32A,34,28,9,Bra
63111381,8,30-36,13,9,1,Socks
79422752,9,X242S,74,59,94,Top
30057452,5,One Size,13,9,49,Socks
99636463,1,XL,30,24,9,Top
91165885,4,S,64,44,8,Top
22177821,6,25-30,14,10,36,Socks
80884426,2,X242S,63,50,4,Top
19289054,8,2XL,44,30,8,Top
93943429,9,30-36,14,9,8,Socks
30195926,2,32B,31,23,87,Bra
30624476,0,32W/32L,112,85,12,Pants
18803757,0,28W/30L,90,69,3,Pants
34645425,6,25-30,14,10,36,Socks
18803757,0,28W/30L,90,69,3,Pants
81516679,7,32W/32L,114,93,48,Pants
94634614,1,25-30,12,8,4,Socks
68421223,0,32W/32L,83,70,55,Pants
18769637,8,30-36,7,5,18,Socks
29728258,4,32B,58,47,56,Bra
74675633,6,M,51,44,88,Top
55097345,3,S,34,26,18,Top
18194004,3,3XL,52,38,48,Top
62257242,0,One Size,5,3,85,Socks
78220526,4,30W/32L,77,59,29,Pants
97838150,1,One Size,12,9,24,Socks
94412167,6,30W/32L,78,69,42,Pants
64244630,0,36C,53,47,17,Bra
78878958,2,32W/32L,51,36,72,Pants
15523097,9,32B,32,27,2,Bra
72218713,0,30-36,7,5,11,Socks
93603411,9,32W/32L,63,45,36,Pants
41614050,0,34W/34L,70,51,1,Pants
37609437,0,2XS,37,26,64,Top
30487620,0,32C,60,43,2,Bra
29728258,0,32B,58,47,56,Bra
62563778,9,36DD,50,44,5,Bra
74530492,7,32A,61,48,19,Bra
25434681,8,32B,41,35,26,Bra
39278940,2,25-30,8,6,4,Socks
12736724,4,32W/32L,99,73,26,Pants
78924629,2,36C,35,30,1,Bra
83420789,4,25-30,7,6,09,Socks
29831491,8,32A,49,35,28,Bra
93419668,6,25-30,10,7,3,Socks
22529951,8,36W/34L,81,72,09,Pants
97838150,4,One Size,12,9,24,Socks
42205716,7,2XL,31,23,25,Top
10417089,6,36D,54,38,34,Bra
40897212,5,34W/34L,63,54,81,Pants
47676789,4,36W/34L,104,91,52,Pants
47109521,2,XXS,49,35,77,Top
65861215,8,32C,38,26,6,Bra
79088311,4,28W/30L,83,62,25,Pants
94884243,5,One Size,7,5,25,Socks
44419170,2,25-30,6,5,28,Socks
45151546,5,30W/32L,47,34,31,Pants
96825175,1,30W/32L,52,37,96,Pants
94550707,9,S,60,42,Top
46154894,1,M,69,58,65,Top
82998540,7,One Size,9,6,93,Socks
44844856,7,M,55,47,3,Top
99915579,5,32A,50,35,Bra
27917118,7,36DD,48,39,84,Bra
18803757,2,28W/30L,90,69,3,Pants
84833522,1,32B,46,40,48,Bra
52012304,2,30-36,6,5,16,Socks
39278940,0,25-30,8,6,4,Socks
52075918,5,L,70,55,3,Top
78924629,8,36C,35,30,1,Bra
99703954,2,32A,33,26,73,Bra
42205716,6,2XL,31,23,25,Top
49874414,0,28W/30L,96,76,8,Pants
99915579,5,32A,50,35,Bra
24857959,7,36D,67,54,27,Bra
76486556,4,36C,49,39,69,Bra
93498300,7,30-36,5,3,5,Socks
46703066,4,32B,49,40,18,Bra
19009398,0,2XS,50,41,Top
20417844,0,32B,62,51,46,Bra
97534688,7,34W/34L,102,74,46,Pants
99915579,0,32A,50,35,Bra
70104738,1,30-36,12,9,24,Socks
65861215,6,32C,38,26,6,Bra
78576090,0,32A,33,27,72,Bra
82998540,5,One Size,9,6,93,Socks
22688038,5,25-30,8,7,04,Socks
99228146,5,36D,46,34,04,Bra
79088311,8,28W/30L,83,62,25,Pants
37609437,7,2XS,37,26,64,Top
63953794,1,XL,50,39,Top
13714185,8,30-36,8,6,32,Socks
74530492,9,32A,61,48,19,Bra
60997676,1,36W/34L,86,68,8,Pants
68932616,5,36W/34L,88,77,44,Pants
89482398,8,30-36,6,4,74,Socks
61156168,7,30W/32L,67,48,91,Pants
51399878,5,30W/32L,71,54,67,Pants
62238080,3,S,38,27,36,Top
50152870,5,36D,66,51,48,Bra
96064687,5,32C,32,28,48,Bra
63296547,7,One Size,8,7,04,Socks
91972539,8,36C,49,39,69,Bra
94884243,5,One Size,7,5,25,Socks
93419668,9,25-30,10,7,3,Socks
68932616,5,36W/34L,88,77,44,Pants
84047036,0,25-30,13,10,01,Socks
91972539,5,36C,49,39,69,Bra
74675633,0,M,51,44,88,Top
59986370,2,L,46,33,58,Top
78189379,9,28W/30L,92,77,28,Pants
17252051,9,32A,34,28,9,Bra
90331544,8,32W/32L,99,88,11,Pants
93419668,9,25-30,10,7,3,Socks
71197640,1,XXS,31,26,97,Top
74530492,0,32A,61,48,19,Bra
55536618,7,36DD,62,44,64,Bra
31480398,1,28W/30L,91,63,7,Pants
60997676,4,36W/34L,86,68,8,Pants
78220526,6,30W/32L,77,59,29,Pants
13302559,9,2XS,65,48,1,Top
78393615,3,25-30,7,5,88,Socks
11377782,2,30W/32L,78,55,38,Pants
71216187,9,One Size,5,4,35,Socks
93943429,3,30-36,14,9,8,Socks
65751040,1,32C,30,22,8,Bra
32505627,0,32BB,38,33,44,Bra
20417844,3,32B,62,51,46,Bra
25822800,1,2XL,73,62,05,Top
35292967,3,36W/34L,68,47,6,Pants
15523097,3,32B,32,27,2,Bra
56930409,0,32A,37,31,82,Bra
40897212,5,34W/34L,63,54,81,Pants
38964440,1,30-36,12,9,6,Socks
84150951,2,3XS,39,33,93,Top
80884426,4,X242S,63,50,4,Top
27200498,9,3XL,33,27,39,Top
89663991,7,30-36,5,3,7,Socks
83369023,9,32C,34,25,5,Bra
35837318,8,2XL,66,48,84,Top
50915857,5,32A,57,49,02,Bra
45448705,8,32W/32L,85,70,55,Pants
41614050,7,34W/34L,70,51,1,Pants
93671126,8,XL,33,23,76,Top
93604666,5,3XL,68,55,08,Top
62563778,2,36DD,50,44,5,Bra
28624594,4,30W/32L,68,55,08,Pants
27891564,7,XL,29,22,33,Top
17941206,6,25-30,6,4,56,Socks
35347959,7,34W/34L,50,40,5,Pants
22177821,1,25-30,14,10,36,Socks
40271090,2,32W/32L,46,36,8,Pants
89482398,9,30-36,6,4,74,Socks
18769637,4,30-36,7,5,18,Socks
17252051,3,32A,34,28,9,Bra
29859355,2,One Size,10,8,3,Socks
68932616,8,36W/34L,88,77,44,Pants
41134767,3,32W/32L,118,97,94,Pants
74048980,8,34W/34L,82,69,7,Pants
18769637,4,30-36,7,5,18,Socks
30057452,3,One Size,13,9,49,Socks
94884243,7,One Size,7,5,25,Socks
82078990,5,XL,20,17,4,Top
89091287,5,30-36,9,6,84,Socks
70367927,1,25-30,7,5,53,Socks
76486556,7,36C,49,39,69,Bra
40271090,7,32W/32L,46,36,8,Pants
61497837,1,25-30,9,7,74,Socks
15053519,8,3XL,34,26,86,Top
22177821,0,25-30,14,10,36,Socks
41614050,9,34W/34L,70,51,1,Pants
57852105,2,30W/32L,99,80,19,Pants
72218713,1,30-36,7,5,11,Socks
41030113,0,36DD,64,47,36,Bra
40271090,8,32W/32L,46,36,8,Pants
96006630,0,30W/32L,89,71,2,Pants
11377782,2,30W/32L,78,55,38,Pants
79278946,4,X242S,42,30,66,Top
27917118,6,36DD,48,39,84,Bra
10417089,8,36D,54,38,34,Bra
62257242,2,One Size,5,3,85,Socks
79287314,3,XL,39,32,37,Top
78924629,0,36C,35,30,1,Bra
15896685,5,30W/32L,67,56,95,Pants
19289054,8,2XL,44,30,8,Top
46689828,8,25-30,12,9,84,Socks
66642205,5,S,64,46,72,Top
19662552,1,30W/32L,53,47,17,Pants
78576090,7,32A,33,27,72,Bra
72090082,8,34W/34L,83,72,21,Pants
98205796,7,25-30,6,4,26,Socks
57743035,1,25-30,9,7,02,Socks
68932616,8,36W/34L,88,77,44,Pants
89091287,9,30-36,9,6,84,Socks
19009398,8,2XS,50,41,Top
11377782,3,30W/32L,78,55,38,Pants
53194871,9,30W/32L,112,86,24,Pants
30057452,6,One Size,13,9,49,Socks
78220526,8,30W/32L,77,59,29,Pants
37609437,5,2XS,37,26,64,Top
22688038,2,25-30,8,7,04,Socks
63111381,6,30-36,13,9,1,Socks
39278940,6,25-30,8,6,4,Socks
70289842,0,32W/32L,89,71,2,Pants
30487620,8,32C,60,43,2,Bra
41614050,2,34W/34L,70,51,1,Pants
65751040,7,32C,30,22,8,Bra
42205716,8,2XL,31,23,25,Top
19779354,8,X242S,70,51,1,Top
51750707,2,28W/30L,42,31,08,Pants
53065072,2,32W/32L,117,97,11,Pants
35931417,7,25-30,10,8,3,Socks
63861141,3,25-30,5,4,2,Socks
99228146,8,36D,46,34,04,Bra
97534688,6,34W/34L,102,74,46,Pants
40897212,7,34W/34L,63,54,81,Pants
30487620,2,32C,60,43,2,Bra
77070174,8,32B,35,25,9,Bra
68421223,7,32W/32L,83,70,55,Pants
19662552,7,30W/32L,53,47,17,Pants
33736161,4,2XL,32,27,2,Top
26074186,0,28W/30L,87,66,12,Pants
91972539,5,36C,49,39,69,Bra
30057452,6,One Size,13,9,49,Socks
52012304,7,30-36,6,5,16,Socks
41614050,4,34W/34L,70,51,1,Pants
19009398,9,2XS,50,41,Top
84150951,4,3XS,39,33,93,Top
41030113,5,36DD,64,47,36,Bra
83369023,1,32C,34,25,5,Bra
86947402,3,36C,55,41,25,Bra
51399878,1,30W/32L,71,54,67,Pants
41134767,2,32W/32L,118,97,94,Pants
47676789,9,36W/34L,104,91,52,Pants
77365514,6,One Size,9,6,57,Socks
61096541,3,30W/32L,76,55,48,Pants
59986370,9,L,46,33,58,Top
76486556,4,36C,49,39,69,Bra
19883231,3,3XS,73,52,56,Top
19662552,8,30W/32L,53,47,17,Pants
46017504,8,2XS,22,17,6,Top
32728389,9,28W/30L,55,42,9,Pants
77225620,3,34W/34L,61,50,63,Pants
97838150,2,One Size,12,9,24,Socks
67955878,0,2XS,70,58,1,Top
41940983,8,36D,40,33,6,Bra
66642205,2,S,64,46,72,Top
31480398,4,28W/30L,91,63,7,Pants
79278946,3,X242S,42,30,66,Top
13302559,9,2XS,65,48,1,Top
19501403,3,S,25,20,25,Top
16231089,8,36C,43,33,11,Bra
79422752,2,X242S,74,59,94,Top
78189379,2,28W/30L,92,77,28,Pants
59729655,6,25-30,10,8,2,Socks
96825175,9,30W/32L,52,37,96,Pants
99221141,9,36DD,57,45,03,Bra
85314026,2,30-36,13,10,01,Socks
15896685,2,30W/32L,67,56,95,Pants
70549584,5,XL,79,56,09,Top
31078666,6,34W/34L,94,69,56,Pants
94884243,9,One Size,7,5,25,Socks
44419170,5,25-30,6,5,28,Socks
63096181,8,32W/32L,106,90,1,Pants
40271090,8,32W/32L,46,36,8,Pants
61497837,5,25-30,9,7,74,Socks
94634614,5,25-30,12,8,4,Socks
73489300,1,30-36,9,7,56,Socks
25434681,3,32B,41,35,26,Bra
94884243,5,One Size,7,5,25,Socks
55536618,5,36DD,62,44,64,Bra
77070174,8,32B,35,25,9,Bra
79278946,1,X242S,42,30,66,Top
55010642,8,3XS,37,27,01,Top
83420789,0,25-30,7,6,09,Socks
93498300,1,30-36,5,3,5,Socks
41614050,7,34W/34L,70,51,1,Pants
21064376,7,32A,34,28,56,Bra
50915857,2,32A,57,49,02,Bra
93671126,9,XL,33,23,76,Top
89482398,8,30-36,6,4,74,Socks
33736161,6,2XL,32,27,2,Top
19009398,3,2XS,50,41,Top
41134767,3,32W/32L,118,97,94,Pants
62257242,3,One Size,5,3,85,Socks
78220526,4,30W/32L,77,59,29,Pants
65751040,5,32C,30,22,8,Bra
89051843,3,32A,59,46,02,Bra
56930409,3,32A,37,31,82,Bra
99915579,4,32A,50,35,Bra
98205796,6,25-30,6,4,26,Socks
37530582,0,36W/34L,72,60,48,Pants
79278946,9,X242S,42,30,66,Top
99886661,9,L,63,45,99,Top
68421223,9,32W/32L,83,70,55,Pants
57743035,0,25-30,9,7,02,Socks
46689828,5,25-30,12,9,84,Socks
17332663,1,25-30,14,11,2,Socks
30624476,7,32W/32L,112,85,12,Pants
72218713,7,30-36,7,5,11,Socks
14795153,5,34W/34L,118,90,86,Pants
76486556,6,36C,49,39,69,Bra
22177821,4,25-30,14,10,36,Socks
17941206,8,25-30,6,4,56,Socks
35931417,0,25-30,10,8,3,Socks
67955878,6,2XS,70,58,1,Top
52075918,2,L,70,55,3,Top
13714185,2,30-36,8,6,32,Socks
91286214,9,32C,66,56,1,Bra
18358469,2,25-30,12,8,88,Socks
28938252,1,32BB,45,38,25,Bra
97534688,4,34W/34L,102,74,46,Pants
78878958,8,32W/32L,51,36,72,Pants
15053519,1,3XL,34,26,86,Top
39278940,6,25-30,8,6,4,Socks
65861215,0,32C,38,26,6,Bra
79088311,5,28W/30L,83,62,25,Pants
19662552,7,30W/32L,53,47,17,Pants
30262545,1,32W/32L,76,61,56,Pants
89091287,8,30-36,9,6,84,Socks
89482398,0,30-36,6,4,74,Socks
84833522,2,32B,46,40,48,Bra
11884539,7,L,55,39,05,Top
94550707,2,S,60,42,Top
24857959,0,36D,67,54,27,Bra
99915579,3,32A,50,35,Bra
98694948,7,32A,55,41,25,Bra
13714185,4,30-36,8,6,32,Socks
70829785,4,30W/32L,90,75,6,Pants
98694948,5,32A,55,41,25,Bra
62229698,8,30-36,7,5,88,Socks
66642205,2,S,64,46,72,Top
56930409,8,32A,37,31,82,Bra
28938252,8,32BB,45,38,25,Bra
70829785,4,30W/32L,90,75,6,Pants
17252051,0,32A,34,28,9,Bra
96825175,2,30W/32L,52,37,96,Pants
28938252,8,32BB,45,38,25,Bra
19883231,4,3XS,73,52,56,Top
19289054,7,2XL,44,30,8,Top
19779354,3,X242S,70,51,1,Top
35931417,0,25-30,10,8,3,Socks
46017504,3,2XS,22,17,6,Top
45151546,2,30W/32L,47,34,31,Pants
25434681,9,32B,41,35,26,Bra
37757066,5,L,56,47,04,Top
42205716,1,2XL,31,23,25,Top
53194871,1,30W/32L,112,86,24,Pants
40271090,7,32W/32L,46,36,8,Pants
18270156,1,One Size,5,4,Socks
97838150,0,One Size,12,9,24,Socks
61156168,4,30W/32L,67,48,91,Pants
73489300,4,30-36,9,7,56,Socks
51399878,8,30W/32L,71,54,67,Pants
19779354,0,X242S,70,51,1,Top
10594075,2,30W/32L,41,29,11,Pants
17941206,6,25-30,6,4,56,Socks
84047036,5,25-30,13,10,01,Socks
12736724,4,32W/32L,99,73,26,Pants
49563928,0,36D,69,57,27,Bra
69651883,8,36D,64,50,56,Bra
59986370,0,L,46,33,58,Top
63111381,4,30-36,13,9,1,Socks
56930409,6,32A,37,31,82,Bra
49874414,8,28W/30L,96,76,8,Pants
35347959,1,34W/34L,50,40,5,Pants
33736161,1,2XL,32,27,2,Top
72090082,7,34W/34L,83,72,21,Pants
49540995,9,30-36,7,5,11,Socks
15523097,3,32B,32,27,2,Bra
50479122,2,25-30,7,5,11,Socks
56930409,2,32A,37,31,82,Bra
82743561,1,30-36,11,8,25,Socks
62229698,6,30-36,7,5,88,Socks
35931417,4,25-30,10,8,3,Socks
31669966,9,2XL,41,36,08,Top
58257039,5,36DD,31,23,25,Bra
42205716,4,2XL,31,23,25,Top
84598951,6,30-36,11,7,92,Socks
68421223,1,32W/32L,83,70,55,Pants
97838150,9,One Size,12,9,24,Socks
17252051,5,32A,34,28,9,Bra
70104738,6,30-36,12,9,24,Socks
12824695,3,32W/32L,111,81,03,Pants
61497837,2,25-30,9,7,74,Socks
78924629,0,36C,35,30,1,Bra
19662552,5,30W/32L,53,47,17,Pants
82743561,2,30-36,11,8,25,Socks
40271090,0,32W/32L,46,36,8,Pants
78274474,9,36C,66,52,8,Bra
98205796,5,25-30,6,4,26,Socks
96882371,1,36D,58,48,14,Bra
55995953,3,3XL,68,57,8,Top
94884243,8,One Size,7,5,25,Socks
19289054,6,2XL,44,30,8,Top
40851080,4,2XL,70,52,5,Top
19501403,7,S,25,20,25,Top
41614050,1,34W/34L,70,51,1,Pants
81759114,0,36D,51,37,23,Bra
84833522,9,32B,46,40,48,Bra
77354484,8,2XS,35,30,1,Top
30624476,1,32W/32L,112,85,12,Pants
84150951,7,3XS,39,33,93,Top
97556113,1,XL,28,21,28,Top
77365514,6,One Size,9,6,57,Socks
17252051,2,32A,34,28,9,Bra
97556113,2,XL,28,21,28,Top
28576327,9,3XL,78,63,18,Top
78878958,7,32W/32L,51,36,72,Pants
19009398,2,2XS,50,41,Top
91165885,4,S,64,44,8,Top
17332663,7,25-30,14,11,2,Socks
18769637,9,30-36,7,5,18,Socks
35931417,1,25-30,10,8,3,Socks
89091287,2,30-36,9,6,84,Socks
96882371,6,36D,58,48,14,Bra
47676789,1,36W/34L,104,91,52,Pants
53065072,7,32W/32L,117,97,11,Pants
98694948,2,32A,55,41,25,Bra
42457151,0,32BB,34,25,16,Bra
91165885,7,S,64,44,8,Top
74048980,4,34W/34L,82,69,7,Pants
78220526,4,30W/32L,77,59,29,Pants
79422752,5,X242S,74,59,94,Top
53194871,2,30W/32L,112,86,24,Pants
93498300,8,30-36,5,3,5,Socks
30487620,6,32C,60,43,2,Bra
28576327,9,3XL,78,63,18,Top
63953794,5,XL,50,39,Top
61497837,8,25-30,9,7,74,Socks
38019573,4,2XL,43,30,53,Top
60996521,4,25-30,5,4,4,Socks
91165885,9,S,64,44,8,Top
76486556,1,36C,49,39,69,Bra
67955878,6,2XS,70,58,1,Top
19779354,7,X242S,70,51,1,Top
34154636,5,L,70,50,4,Top
68421223,8,32W/32L,83,70,55,Pants
19501403,3,S,25,20,25,Top
61156168,9,30W/32L,67,48,91,Pants
89482398,4,30-36,6,4,74,Socks
30487620,5,32C,60,43,2,Bra
53065072,4,32W/32L,117,97,11,Pants
42457151,8,32BB,34,25,16,Bra
37757066,1,L,56,47,04,Top
72218713,9,30-36,7,5,11,Socks
97838150,4,One Size,12,9,24,Socks
99636463,5,XL,30,24,9,Top
62238080,2,S,38,27,36,Top
44844856,0,M,55,47,3,Top
37673727,3,XXS,41,35,26,Top
15896685,6,30W/32L,67,56,95,Pants
91165885,1,S,64,44,8,Top
82743561,9,30-36,11,8,25,Socks
46154894,6,M,69,58,65,Top
82743561,0,30-36,11,8,25,Socks
31639049,7,L,45,34,65,Top
19662552,0,30W/32L,53,47,17,Pants
46154894,2,M,69,58,65,Top
98205796,2,25-30,6,4,26,Socks
45104131,2,3XL,51,44,37,Top
70367927,0,25-30,7,5,53,Socks
94412167,2,30W/32L,78,69,42,Pants
55536618,4,36DD,62,44,64,Bra
21064376,6,32A,34,28,56,Bra
21781579,7,32C,45,37,8,Bra
16494546,7,One Size,8,6,32,Socks
55097345,2,S,34,26,18,Top
28938252,0,32BB,45,38,25,Bra
53194871,4,30W/32L,112,86,24,Pants
56930409,1,32A,37,31,82,Bra
52183299,6,32A,32,26,88,Bra
72090082,1,34W/34L,83,72,21,Pants
61497837,4,25-30,9,7,74,Socks
61497837,1,25-30,9,7,74,Socks
57743035,7,25-30,9,7,02,Socks
80884426,1,X242S,63,50,4,Top
78220526,0,30W/32L,77,59,29,Pants
28938252,5,32BB,45,38,25,Bra
14795153,8,34W/34L,118,90,86,Pants
38019573,7,2XL,43,30,53,Top
86281541,0,36C,35,27,3,Bra
70367927,6,25-30,7,5,53,Socks
26074186,4,28W/30L,87,66,12,Pants
98194322,9,32C,51,43,35,Bra
59729655,2,25-30,10,8,2,Socks
78393615,8,25-30,7,5,88,Socks
55995953,1,3XL,68,57,8,Top
78576090,0,32A,33,27,72,Bra
28624594,1,30W/32L,68,55,08,Pants
71197640,6,XXS,31,26,97,Top
40271090,9,32W/32L,46,36,8,Pants
74675633,2,M,51,44,88,Top
70104738,4,30-36,12,9,24,Socks
40897212,9,34W/34L,63,54,81,Pants
12824695,4,32W/32L,111,81,03,Pants
99221141,0,36DD,57,45,03,Bra
77070174,1,32B,35,25,9,Bra
44844856,5,M,55,47,3,Top
93603411,5,32W/32L,63,45,36,Pants
19009398,1,2XS,50,41,Top
99636463,1,XL,30,24,9,Top
84833522,2,32B,46,40,48,Bra
57231733,4,30W/32L,94,78,02,Pants
47109521,8,XXS,49,35,77,Top
45017288,1,32C,57,42,75,Bra
68421223,1,32W/32L,83,70,55,Pants
50479122,3,25-30,7,5,11,Socks
17332663,7,25-30,14,11,2,Socks
40271090,7,32W/32L,46,36,8,Pants
68421223,5,32W/32L,83,70,55,Pants
81516679,3,32W/32L,114,93,48,Pants
71197640,4,XXS,31,26,97,Top
45151546,4,30W/32L,47,34,31,Pants
55995953,2,3XL,68,57,8,Top
82618717,5,28W/30L,42,31,92,Pants
28576327,0,3XL,78,63,18,Top
63296547,1,One Size,8,7,04,Socks
13302559,3,2XS,65,48,1,Top
78393615,4,25-30,7,5,88,Socks
84150951,5,3XS,39,33,93,Top
66642205,0,S,64,46,72,Top
15928860,9,25-30,14,10,5,Socks
12824695,3,32W/32L,111,81,03,Pants
55010642,4,3XS,37,27,01,Top
98694948,4,32A,55,41,25,Bra
64244630,2,36C,53,47,17,Bra
41085795,2,36W/34L,82,65,6,Pants
78189379,5,28W/30L,92,77,28,Pants
99221141,1,36DD,57,45,03,Bra
79287314,2,XL,39,32,37,Top
10417089,8,36D,54,38,34,Bra
65844922,0,36DD,40,29,6,Bra
10417089,9,36D,54,38,34,Bra
19289054,5,2XL,44,30,8,Top
57231733,2,30W/32L,94,78,02,Pants
82743561,5,30-36,11,8,25,Socks
55594734,4,30-36,6,4,8,Socks
15523097,8,32B,32,27,2,Bra
99228146,2,36D,46,34,04,Bra
58257039,2,36DD,31,23,25,Bra
70367927,7,25-30,7,5,53,Socks
86947402,7,36C,55,41,25,Bra
33736161,4,2XL,32,27,2,Top
18277392,3,30-36,10,7,6,Socks
82618717,2,28W/30L,42,31,92,Pants
91972539,0,36C,49,39,69,Bra
65751040,6,32C,30,22,8,Bra
96006630,1,30W/32L,89,71,2,Pants
78393615,4,25-30,7,5,88,Socks
78924629,9,36C,35,30,1,Bra
39278940,9,25-30,8,6,4,Socks
41085795,2,36W/34L,82,65,6,Pants
51750707,7,28W/30L,42,31,08,Pants
39278940,5,25-30,8,6,4,Socks
41085795,8,36W/34L,82,65,6,Pants
78274474,5,36C,66,52,8,Bra
63953794,3,XL,50,39,Top
20417844,5,32B,62,51,46,Bra
74048980,4,34W/34L,82,69,7,Pants
34154636,9,L,70,50,4,Top
60744968,2,2XL,68,51,68,Top
46154894,1,M,69,58,65,Top
31639049,1,L,45,34,65,Top
10417089,9,36D,54,38,34,Bra
93671126,8,XL,33,23,76,Top
78576090,4,32A,33,27,72,Bra
58257039,5,36DD,31,23,25,Bra
77225620,4,34W/34L,61,50,63,Pants
60744968,1,2XL,68,51,68,Top
18194004,9,3XL,52,38,48,Top
97838150,0,One Size,12,9,24,Socks
30057452,2,One Size,13,9,49,Socks
63096181,6,32W/32L,106,90,1,Pants
82998540,2,One Size,9,6,93,Socks
50479122,7,25-30,7,5,11,Socks
94550707,8,S,60,42,Top
13714185,9,30-36,8,6,32,Socks
73489300,7,30-36,9,7,56,Socks
86281541,4,36C,35,27,3,Bra
21781579,3,32C,45,37,8,Bra
29728258,8,32B,58,47,56,Bra
45151546,0,30W/32L,47,34,31,Pants
21781579,8,32C,45,37,8,Bra
70641969,1,28W/30L,60,52,2,Pants
76141706,1,36C,55,38,5,Bra
41940983,2,36D,40,33,6,Bra
39278940,8,25-30,8,6,4,Socks
35292967,5,36W/34L,68,47,6,Pants
86701656,7,28W/30L,108,77,76,Pants
35347959,6,34W/34L,50,40,5,Pants
77225620,8,34W/34L,61,50,63,Pants
30195926,4,32B,31,23,87,Bra
94634614,7,25-30,12,8,4,Socks
83420789,4,25-30,7,6,09,Socks
63296547,2,One Size,8,7,04,Socks
29831491,9,32A,49,35,28,Bra
57743035,8,25-30,9,7,02,Socks
55536618,5,36DD,62,44,64,Bra
28938252,1,32BB,45,38,25,Bra
15928860,4,25-30,14,10,5,Socks
18358469,5,25-30,12,8,88,Socks
67955878,3,2XS,70,58,1,Top
40851080,8,2XL,70,52,5,Top
77225620,3,34W/34L,61,50,63,Pants
80884426,0,X242S,63,50,4,Top
78220526,9,30W/32L,77,59,29,Pants
98694948,8,32A,55,41,25,Bra
45448705,6,32W/32L,85,70,55,Pants
61096541,3,30W/32L,76,55,48,Pants
52183299,8,32A,32,26,88,Bra
32505627,6,32BB,38,33,44,Bra
44419170,1,25-30,6,5,28,Socks
91972539,3,36C,49,39,69,Bra
17252051,6,32A,34,28,9,Bra
70289842,5,32W/32L,89,71,2,Pants
53065072,1,32W/32L,117,97,11,Pants
71216187,5,One Size,5,4,35,Socks
52183299,7,32A,32,26,88,Bra
18768360,0,32W/32L,72,56,16,Pants
51750707,8,28W/30L,42,31,08,Pants
70829785,4,30W/32L,90,75,6,Pants
85314026,9,30-36,13,10,01,Socks
13302559,7,2XS,65,48,1,Top
78274474,7,36C,66,52,8,Bra
17941206,6,25-30,6,4,56,Socks
99703954,6,32A,33,26,73,Bra
46495873,1,M,78,64,74,Top
12824695,3,32W/32L,111,81,03,Pants
99636463,4,XL,30,24,9,Top
70549584,5,XL,79,56,09,Top
15523097,4,32B,32,27,2,Bra
42205716,1,2XL,31,23,25,Top
35837318,8,2XL,66,48,84,Top
68421223,3,32W/32L,83,70,55,Pants
94550707,9,S,60,42,Top
49563928,2,36D,69,57,27,Bra
70289842,6,32W/32L,89,71,2,Pants
15928860,5,25-30,14,10,5,Socks
40170965,9,36C,35,29,75,Bra
89051843,7,32A,59,46,02,Bra
55536618,4,36DD,62,44,64,Bra
60997676,4,36W/34L,86,68,8,Pants
55594734,6,30-36,6,4,8,Socks
45448705,1,32W/32L,85,70,55,Pants
37609437,5,2XS,37,26,64,Top
68421223,1,32W/32L,83,70,55,Pants
24857959,1,36D,67,54,27,Bra
79088311,5,28W/30L,83,62,25,Pants
47676789,7,36W/34L,104,91,52,Pants
55995953,1,3XL,68,57,8,Top
65861215,6,32C,38,26,6,Bra
70829785,6,30W/32L,90,75,6,Pants
96825175,9,30W/32L,52,37,96,Pants
77354484,2,2XS,35,30,1,Top
22177821,5,25-30,14,10,36,Socks
63953794,5,XL,50,39,Top
94412167,4,30W/32L,78,69,42,Pants
41030113,7,36DD,64,47,36,Bra
13714185,6,30-36,8,6,32,Socks
78220526,3,30W/32L,77,59,29,Pants
46703066,8,32B,49,40,18,Bra
60744968,8,2XL,68,51,68,Top
62257242,7,One Size,5,3,85,Socks
93671126,9,XL,33,23,76,Top
63111381,6,30-36,13,9,1,Socks
13302559,4,2XS,65,48,1,Top
98853164,3,32BB,40,32,Bra
89091287,0,30-36,9,6,84,Socks
63953794,7,XL,50,39,Top
35931417,2,25-30,10,8,3,Socks
26074186,2,28W/30L,87,66,12,Pants
65844922,0,36DD,40,29,6,Bra
50152870,6,36D,66,51,48,Bra
29831491,8,32A,49,35,28,Bra
98194322,3,32C,51,43,35,Bra
93419668,7,25-30,10,7,3,Socks
18270156,4,One Size,5,4,Socks
53194871,4,30W/32L,112,86,24,Pants
60996521,6,25-30,5,4,4,Socks
19779354,3,X242S,70,51,1,Top
21064376,2,32A,34,28,56,Bra
28561435,4,32C,43,36,98,Bra
42457151,0,32BB,34,25,16,Bra
31078666,1,34W/34L,94,69,56,Pants
93419668,5,25-30,10,7,3,Socks
72218713,3,30-36,7,5,11,Socks
18768360,1,32W/32L,72,56,16,Pants
80884426,7,X242S,63,50,4,Top
21064376,4,32A,34,28,56,Bra
81759114,3,36D,51,37,23,Bra
18768360,3,32W/32L,72,56,16,Pants
89663991,0,30-36,5,3,7,Socks
61156168,6,30W/32L,67,48,91,Pants
93419668,1,25-30,10,7,3,Socks
17252051,0,32A,34,28,9,Bra
19289054,2,2XL,44,30,8,Top
84150951,2,3XS,39,33,93,Top
79287314,0,XL,39,32,37,Top
81516679,8,32W/32L,114,93,48,Pants
82362131,0,S,53,41,34,Top
72218713,3,30-36,7,5,11,Socks
89482398,7,30-36,6,4,74,Socks
34645425,8,25-30,14,10,36,Socks
57852105,8,30W/32L,99,80,19,Pants
78924629,1,36C,35,30,1,Bra
91972539,8,36C,49,39,69,Bra
28624594,1,30W/32L,68,55,08,Pants
46154894,3,M,69,58,65,Top
68932616,3,36W/34L,88,77,44,Pants
44419170,5,25-30,6,5,28,Socks
60996521,9,25-30,5,4,4,Socks
70289842,1,32W/32L,89,71,2,Pants
31078666,7,34W/34L,94,69,56,Pants
61156168,6,30W/32L,67,48,91,Pants
41030113,0,36DD,64,47,36,Bra
84833522,2,32B,46,40,48,Bra
98853164,3,32BB,40,32,Bra
38019573,6,2XL,43,30,53,Top
20417844,5,32B,62,51,46,Bra
18803757,5,28W/30L,90,69,3,Pants
98205796,2,25-30,6,4,26,Socks
18768360,0,32W/32L,72,56,16,Pants
16231089,1,36C,43,33,11,Bra
30195926,5,32B,31,23,87,Bra
84047036,2,25-30,13,10,01,Socks
30205013,7,30W/32L,72,60,48,Pants
22177821,8,25-30,14,10,36,Socks
25434681,5,32B,41,35,26,Bra
37757066,6,L,56,47,04,Top
77365514,2,One Size,9,6,57,Socks
60744968,8,2XL,68,51,68,Top
89051843,4,32A,59,46,02,Bra
78220526,0,30W/32L,77,59,29,Pants
37530582,1,36W/34L,72,60,48,Pants
82362131,0,S,53,41,34,Top
22688038,1,25-30,8,7,04,Socks
31639049,8,L,45,34,65,Top
16494546,3,One Size,8,6,32,Socks
97556113,2,XL,28,21,28,Top
17252051,2,32A,34,28,9,Bra
62171578,8,XXS,71,55,38,Top
50479122,6,25-30,7,5,11,Socks
55594734,4,30-36,6,4,8,Socks
40271090,7,32W/32L,46,36,8,Pants
55097345,8,S,34,26,18,Top
40897212,5,34W/34L,63,54,81,Pants
65751040,0,32C,30,22,8,Bra
45448705,4,32W/32L,85,70,55,Pants
30262545,2,32W/32L,76,61,56,Pants
11276472,0,36W/34L,72,59,04,Pants
84047036,1,25-30,13,10,01,Socks
22688038,8,25-30,8,7,04,Socks
61497837,4,25-30,9,7,74,Socks
29728258,0,32B,58,47,56,Bra
93498300,1,30-36,5,3,5,Socks
12824695,2,32W/32L,111,81,03,Pants
41085795,7,36W/34L,82,65,6,Pants
79287314,8,XL,39,32,37,Top
40897212,5,34W/34L,63,54,81,Pants
96882371,7,36D,58,48,14,Bra
93419668,7,25-30,10,7,3,Socks
19501403,9,S,25,20,25,Top
62563778,2,36DD,50,44,5,Bra
60996521,2,25-30,5,4,4,Socks
30057452,5,One Size,13,9,49,Socks
82998540,9,One Size,9,6,93,Socks
37609437,5,2XS,37,26,64,Top
83420789,6,25-30,7,6,09,Socks
82618717,9,28W/30L,42,31,92,Pants
73489300,5,30-36,9,7,56,Socks
35292967,5,36W/34L,68,47,6,Pants
18768360,4,32W/32L,72,56,16,Pants
38964440,7,30-36,12,9,6,Socks
79287314,0,XL,39,32,37,Top
60744968,3,2XL,68,51,68,Top
82743561,2,30-36,11,8,25,Socks
97838150,2,One Size,12,9,24,Socks
40271090,3,32W/32L,46,36,8,Pants
31480398,4,28W/30L,91,63,7,Pants
18270156,9,One Size,5,4,Socks
79287314,0,XL,39,32,37,Top
60015955,7,28W/30L,51,36,72,Pants
35931417,9,25-30,10,8,3,Socks
46703066,8,32B,49,40,18,Bra
62171578,7,XXS,71,55,38,Top
22688038,0,25-30,8,7,04,Socks
68421223,1,32W/32L,83,70,55,Pants
89663991,7,30-36,5,3,7,Socks
81759114,1,36D,51,37,23,Bra
51399878,9,30W/32L,71,54,67,Pants
63111381,5,30-36,13,9,1,Socks
29728258,6,32B,58,47,56,Bra
72090082,3,34W/34L,83,72,21,Pants
62229698,4,30-36,7,5,88,Socks
93671126,3,XL,33,23,76,Top
50152870,8,36D,66,51,48,Bra
37530582,6,36W/34L,72,60,48,Pants
61096541,1,30W/32L,76,55,48,Pants
22688038,3,25-30,8,7,04,Socks
49563928,5,36D,69,57,27,Bra
17332663,2,25-30,14,11,2,Socks
74835445,0,32B,33,27,06,Bra
40851080,1,2XL,70,52,5,Top
78274474,2,36C,66,52,8,Bra
93603411,1,32W/32L,63,45,36,Pants
86281541,6,36C,35,27,3,Bra
58257039,9,36DD,31,23,25,Bra
64244630,1,36C,53,47,17,Bra
49874414,7,28W/30L,96,76,8,Pants
55010642,8,3XS,37,27,01,Top
68421223,3,32W/32L,83,70,55,Pants
32728389,3,28W/30L,55,42,9,Pants
49563928,5,36D,69,57,27,Bra
40851080,8,2XL,70,52,5,Top
27891564,3,XL,29,22,33,Top
72090082,5,34W/34L,83,72,21,Pants
78576090,8,32A,33,27,72,Bra
98853164,4,32BB,40,32,Bra
82362131,9,S,53,41,34,Top
30624476,5,32W/32L,112,85,12,Pants
37757066,7,L,56,47,04,Top
82362131,8,S,53,41,34,Top
55097345,8,S,34,26,18,Top
58257039,8,36DD,31,23,25,Bra
30262545,6,32W/32L,76,61,56,Pants
41614050,7,34W/34L,70,51,1,Pants
81516679,2,32W/32L,114,93,48,Pants
58257039,7,36DD,31,23,25,Bra
79088311,1,28W/30L,83,62,25,Pants
77070174,6,32B,35,25,9,Bra
71216187,5,One Size,5,4,35,Socks
61156168,3,30W/32L,67,48,91,Pants
56166145,4,30-36,9,6,57,Socks
30205013,7,30W/32L,72,60,48,Pants
28938252,3,32BB,45,38,25,Bra
62238080,7,S,38,27,36,Top
62229698,2,30-36,7,5,88,Socks
57852105,5,30W/32L,99,80,19,Pants
82743561,7,30-36,11,8,25,Socks
29859355,8,One Size,10,8,3,Socks
11276472,6,36W/34L,72,59,04,Pants
84150951,7,3XS,39,33,93,Top
70641969,0,28W/30L,60,52,2,Pants
35292967,9,36W/34L,68,47,6,Pants
18803757,3,28W/30L,90,69,3,Pants
46495873,7,M,78,64,74,Top
67955878,2,2XS,70,58,1,Top
49874414,2,28W/30L,96,76,8,Pants
55010642,6,3XS,37,27,01,Top
66642205,9,S,64,46,72,Top
99915579,1,32A,50,35,Bra
99915579,0,32A,50,35,Bra
94550707,5,S,60,42,Top
51750707,9,28W/30L,42,31,08,Pants
68421223,4,32W/32L,83,70,55,Pants
96825175,5,30W/32L,52,37,96,Pants
52075918,8,L,70,55,3,Top
77225620,8,34W/34L,61,50,63,Pants
37530582,8,36W/34L,72,60,48,Pants
24857959,6,36D,67,54,27,Bra
39278940,3,25-30,8,6,4,Socks
93419668,9,25-30,10,7,3,Socks
53065072,5,32W/32L,117,97,11,Pants
70367927,9,25-30,7,5,53,Socks
25434681,3,32B,41,35,26,Bra
27917118,3,36DD,48,39,84,Bra
15053519,0,3XL,34,26,86,Top
62229698,3,30-36,7,5,88,Socks
98853164,5,32BB,40,32,Bra
46703066,1,32B,49,40,18,Bra
68421223,5,32W/32L,83,70,55,Pants
11377782,8,30W/32L,78,55,38,Pants
46495873,7,M,78,64,74,Top
13714185,1,30-36,8,6,32,Socks
41134767,8,32W/32L,118,97,94,Pants
80884426,6,X242S,63,50,4,Top
20417844,8,32B,62,51,46,Bra
81759114,5,36D,51,37,23,Bra
35837318,2,2XL,66,48,84,Top
55995953,7,3XL,68,57,8,Top
99228146,5,36D,46,34,04,Bra
58257039,7,36DD,31,23,25,Bra
30195926,5,32B,31,23,87,Bra
70367927,0,25-30,7,5,53,Socks
56930409,3,32A,37,31,82,Bra
31480398,0,28W/30L,91,63,7,Pants
20417844,5,32B,62,51,46,Bra
63861141,2,25-30,5,4,2,Socks
77354484,3,2XS,35,30,1,Top
98205796,2,25-30,6,4,26,Socks
30262545,2,32W/32L,76,61,56,Pants
39278940,1,25-30,8,6,4,Socks
28938252,4,32BB,45,38,25,Bra
11377782,0,30W/32L,78,55,38,Pants
55097345,2,S,34,26,18,Top
12824695,2,32W/32L,111,81,03,Pants
42457151,0,32BB,34,25,16,Bra
25822800,1,2XL,73,62,05,Top
31078666,0,34W/34L,94,69,56,Pants
19289054,9,2XL,44,30,8,Top
71197640,9,XXS,31,26,97,Top
34154636,1,L,70,50,4,Top
35292967,7,36W/34L,68,47,6,Pants
93603411,4,32W/32L,63,45,36,Pants
34616971,1,M,22,15,4,Top
80884426,6,X242S,63,50,4,Top
47676789,5,36W/34L,104,91,52,Pants
65844922,9,36DD,40,29,6,Bra
68663069,1,30-36,5,4,05,Socks
97838150,6,One Size,12,9,24,Socks
55081920,5,32C,41,34,85,Bra
72218713,3,30-36,7,5,11,Socks
19662552,8,30W/32L,53,47,17,Pants
49563928,0,36D,69,57,27,Bra
19883231,6,3XS,73,52,56,Top
70367927,2,25-30,7,5,53,Socks
71216187,6,One Size,5,4,35,Socks
46703066,5,32B,49,40,18,Bra
64244630,4,36C,53,47,17,Bra
32728389,0,28W/30L,55,42,9,Pants
79278946,1,X242S,42,30,66,Top
71216187,0,One Size,5,4,35,Socks
95675765,3,L,31,26,35,Top
84150951,3,3XS,39,33,93,Top
91286214,5,32C,66,56,1,Bra
82362131,1,S,53,41,34,Top
39278940,6,25-30,8,6,4,Socks
26074186,4,28W/30L,87,66,12,Pants
30195926,6,32B,31,23,87,Bra
80896265,2,28W/30L,44,37,84,Pants
51399878,0,30W/32L,71,54,67,Pants
19501403,9,S,25,20,25,Top
40271090,8,32W/32L,46,36,8,Pants
49563928,2,36D,69,57,27,Bra
99915579,2,32A,50,35,Bra
29831491,4,32A,49,35,28,Bra
49874414,9,28W/30L,96,76,8,Pants
51399878,5,30W/32L,71,54,67,Pants
16231089,9,36C,43,33,11,Bra
16231089,8,36C,43,33,11,Bra
93419668,4,25-30,10,7,3,Socks
25434681,2,32B,41,35,26,Bra
82743561,4,30-36,11,8,25,Socks
85314026,9,30-36,13,10,01,Socks
17941206,8,25-30,6,4,56,Socks
29859355,2,One Size,10,8,3,Socks
46154894,9,M,69,58,65,Top
19779354,8,X242S,70,51,1,Top
58257039,6,36DD,31,23,25,Bra
59729655,2,25-30,10,8,2,Socks
44844856,7,M,55,47,3,Top
37609437,2,2XS,37,26,64,Top
95675765,9,L,31,26,35,Top
29859355,7,One Size,10,8,3,Socks
26074186,5,28W/30L,87,66,12,Pants
68932616,0,36W/34L,88,77,44,Pants
81516679,5,32W/32L,114,93,48,Pants
91286214,2,32C,66,56,1,Bra
18358469,4,25-30,12,8,88,Socks
18769637,9,30-36,7,5,18,Socks
56930409,2,32A,37,31,82,Bra
77354484,1,2XS,35,30,1,Top
41614050,9,34W/34L,70,51,1,Pants
89051843,1,32A,59,46,02,Bra
18803757,4,28W/30L,90,69,3,Pants
82998540,6,One Size,9,6,93,Socks
13714185,8,30-36,8,6,32,Socks
74675633,0,M,51,44,88,Top
99636463,2,XL,30,24,9,Top
11377782,2,30W/32L,78,55,38,Pants
15896685,7,30W/32L,67,56,95,Pants
17332663,5,25-30,14,11,2,Socks
94550707,9,S,60,42,Top
80884426,1,X242S,63,50,4,Top
74675633,8,M,51,44,88,Top
32505627,7,32BB,38,33,44,Bra
30205013,9,30W/32L,72,60,48,Pants
35292967,6,36W/34L,68,47,6,Pants
84150951,0,3XS,39,33,93,Top
59986370,7,L,46,33,58,Top
82743561,2,30-36,11,8,25,Socks
78924629,8,36C,35,30,1,Bra
95675765,5,L,31,26,35,Top
98694948,7,32A,55,41,25,Bra
41085795,7,36W/34L,82,65,6,Pants
70829785,9,30W/32L,90,75,6,Pants
93671126,4,XL,33,23,76,Top
47676789,2,36W/34L,104,91,52,Pants
78924629,9,36C,35,30,1,Bra
73489300,4,30-36,9,7,56,Socks
52012304,6,30-36,6,5,16,Socks
37673727,3,XXS,41,35,26,Top
86701656,8,28W/30L,108,77,76,Pants
35347959,6,34W/34L,50,40,5,Pants
50479122,3,25-30,7,5,11,Socks
11377782,0,30W/32L,78,55,38,Pants
46017504,3,2XS,22,17,6,Top
55594734,2,30-36,6,4,8,Socks
78576090,2,32A,33,27,72,Bra
11377782,8,30W/32L,78,55,38,Pants
63861141,8,25-30,5,4,2,Socks
47109521,1,XXS,49,35,77,Top
89051843,8,32A,59,46,02,Bra
50479122,7,25-30,7,5,11,Socks
76141706,2,36C,55,38,5,Bra
17332663,9,25-30,14,11,2,Socks
38964440,4,30-36,12,9,6,Socks
30487620,0,32C,60,43,2,Bra
15523097,7,32B,32,27,2,Bra
40170965,9,36C,35,29,75,Bra
49540995,4,30-36,7,5,11,Socks
93671126,3,XL,33,23,76,Top
18358469,2,25-30,12,8,88,Socks
12736724,2,32W/32L,99,73,26,Pants
39278940,5,25-30,8,6,4,Socks
80896265,4,28W/30L,44,37,84,Pants
78189379,7,28W/30L,92,77,28,Pants
84598951,3,30-36,11,7,92,Socks
79287314,8,XL,39,32,37,Top
28561435,6,32C,43,36,98,Bra
41940983,3,36D,40,33,6,Bra
89051843,8,32A,59,46,02,Bra
77365514,7,One Size,9,6,57,Socks
49540995,1,30-36,7,5,11,Socks
12824695,9,32W/32L,111,81,03,Pants
66642205,0,S,64,46,72,Top
19501403,1,S,25,20,25,Top
37673727,9,XXS,41,35,26,Top
96825175,4,30W/32L,52,37,96,Pants
34616971,0,M,22,15,4,Top
18768360,5,32W/32L,72,56,16,Pants
93604666,7,3XL,68,55,08,Top
21781579,0,32C,45,37,8,Bra
40851080,2,2XL,70,52,5,Top
77225620,2,34W/34L,61,50,63,Pants
40271090,1,32W/32L,46,36,8,Pants
76486556,9,36C,49,39,69,Bra
45448705,0,32W/32L,85,70,55,Pants
71197640,6,XXS,31,26,97,Top
79088311,0,28W/30L,83,62,25,Pants
26074186,4,28W/30L,87,66,12,Pants
55536618,2,36DD,62,44,64,Bra
99703954,3,32A,33,26,73,Bra
61497837,1,25-30,9,7,74,Socks
34616971,7,M,22,15,4,Top
74675633,4,M,51,44,88,Top
40851080,6,2XL,70,52,5,Top
22177821,0,25-30,14,10,36,Socks
49563928,1,36D,69,57,27,Bra
98853164,7,32BB,40,32,Bra
18270156,5,One Size,5,4,Socks
62563778,3,36DD,50,44,5,Bra
99228146,8,36D,46,34,04,Bra
79287314,8,XL,39,32,37,Top
74032841,4,30-36,5,3,85,Socks
30660956,5,2XL,52,45,24,Top
91165885,7,S,64,44,8,Top
28938252,3,32BB,45,38,25,Bra
81516679,4,32W/32L,114,93,48,Pants
65751040,8,32C,30,22,8,Bra
74675633,1,M,51,44,88,Top
30057452,3,One Size,13,9,49,Socks
80884426,6,X242S,63,50,4,Top
86947402,1,36C,55,41,25,Bra
68932616,9,36W/34L,88,77,44,Pants
57743035,0,25-30,9,7,02,Socks
30660956,3,2XL,52,45,24,Top
81516679,4,32W/32L,114,93,48,Pants
44419170,4,25-30,6,5,28,Socks
68421223,3,32W/32L,83,70,55,Pants
27917118,1,36DD,48,39,84,Bra
81759114,3,36D,51,37,23,Bra
85314026,4,30-36,13,10,01,Socks
18277392,2,30-36,10,7,6,Socks
11377782,0,30W/32L,78,55,38,Pants
46017504,3,2XS,22,17,6,Top
60997676,4,36W/34L,86,68,8,Pants
35931417,4,25-30,10,8,3,Socks
94884243,1,One Size,7,5,25,Socks
44419170,0,25-30,6,5,28,Socks
22177821,5,25-30,14,10,36,Socks
45448705,7,32W/32L,85,70,55,Pants
96882371,0,36D,58,48,14,Bra
10417089,1,36D,54,38,34,Bra
91165885,6,S,64,44,8,Top
35347959,2,34W/34L,50,40,5,Pants
32505627,6,32BB,38,33,44,Bra
65844922,2,36DD,40,29,6,Bra
84833522,6,32B,46,40,48,Bra
56166145,9,30-36,9,6,57,Socks
18194004,8,3XL,52,38,48,Top
14795153,3,34W/34L,118,90,86,Pants
18277392,1,30-36,10,7,6,Socks
89663991,6,30-36,5,3,7,Socks
68663069,1,30-36,5,4,05,Socks
97838150,5,One Size,12,9,24,Socks
12824695,4,32W/32L,111,81,03,Pants
94634614,2,25-30,12,8,4,Socks
71197640,9,XXS,31,26,97,Top
52183299,0,32A,32,26,88,Bra
38019573,4,2XL,43,30,53,Top
57743035,9,25-30,9,7,02,Socks
63861141,5,25-30,5,4,2,Socks
51399878,7,30W/32L,71,54,67,Pants
29831491,8,32A,49,35,28,Bra
77225620,3,34W/34L,61,50,63,Pants
60744968,6,2XL,68,51,68,Top
46703066,2,32B,49,40,18,Bra
72090082,5,34W/34L,83,72,21,Pants
71216187,3,One Size,5,4,35,Socks
50479122,6,25-30,7,5,11,Socks
76141706,2,36C,55,38,5,Bra
46294096,3,XL,46,37,72,Top
78924629,4,36C,35,30,1,Bra
96825175,1,30W/32L,52,37,96,Pants
50479122,5,25-30,7,5,11,Socks
65861215,3,32C,38,26,6,Bra
78220526,5,30W/32L,77,59,29,Pants
34154636,8,L,70,50,4,Top
37673727,5,XXS,41,35,26,Top
83369023,7,32C,34,25,5,Bra
31639049,2,L,45,34,65,Top
93671126,1,XL,33,23,76,Top
37530582,1,36W/34L,72,60,48,Pants
63861141,9,25-30,5,4,2,Socks
49540995,6,30-36,7,5,11,Socks
99915579,6,32A,50,35,Bra
82078990,3,XL,20,17,4,Top
93498300,7,30-36,5,3,5,Socks
93943429,6,30-36,14,9,8,Socks
55594734,0,30-36,6,4,8,Socks
82743561,6,30-36,11,8,25,Socks
82618717,0,28W/30L,42,31,92,Pants
42457151,5,32BB,34,25,16,Bra
66642205,1,S,64,46,72,Top
79088311,4,28W/30L,83,62,25,Pants
17941206,2,25-30,6,4,56,Socks
14795153,0,34W/34L,118,90,86,Pants
11276472,0,36W/34L,72,59,04,Pants
28624594,2,30W/32L,68,55,08,Pants
30057452,8,One Size,13,9,49,Socks
62257242,9,One Size,5,3,85,Socks
79287314,8,XL,39,32,37,Top
56166145,3,30-36,9,6,57,Socks
11884539,7,L,55,39,05,Top
60015955,9,28W/30L,51,36,72,Pants
15928860,6,25-30,14,10,5,Socks
77365514,4,One Size,9,6,57,Socks
86281541,2,36C,35,27,3,Bra
94634614,5,25-30,12,8,4,Socks
68663069,4,30-36,5,4,05,Socks
82362131,3,S,53,41,34,Top
60015955,6,28W/30L,51,36,72,Pants
28561435,7,32C,43,36,98,Bra
22177821,1,25-30,14,10,36,Socks
17941206,4,25-30,6,4,56,Socks
18358469,7,25-30,12,8,88,Socks
84833522,6,32B,46,40,48,Bra
55536618,8,36DD,62,44,64,Bra
30057452,4,One Size,13,9,49,Socks
76486556,1,36C,49,39,69,Bra
31078666,3,34W/34L,94,69,56,Pants
97838150,2,One Size,12,9,24,Socks
66642205,8,S,64,46,72,Top
12736724,1,32W/32L,99,73,26,Pants
18194004,3,3XL,52,38,48,Top
79287314,7,XL,39,32,37,Top
71216187,5,One Size,5,4,35,Socks
11884539,5,L,55,39,05,Top
42205716,4,2XL,31,23,25,Top
74675633,3,M,51,44,88,Top
30195926,0,32B,31,23,87,Bra
77070174,8,32B,35,25,9,Bra
77365514,0,One Size,9,6,57,Socks
50152870,5,36D,66,51,48,Bra
62238080,3,S,38,27,36,Top
93498300,9,30-36,5,3,5,Socks
34154636,9,L,70,50,4,Top
28624594,8,30W/32L,68,55,08,Pants
13302559,5,2XS,65,48,1,Top
77365514,6,One Size,9,6,57,Socks
16494546,2,One Size,8,6,32,Socks
35292967,2,36W/34L,68,47,6,Pants
19883231,9,3XS,73,52,56,Top
19501403,5,S,25,20,25,Top
79287314,8,XL,39,32,37,Top
70641969,7,28W/30L,60,52,2,Pants
98694948,1,32A,55,41,25,Bra
12824695,5,32W/32L,111,81,03,Pants
93603411,1,32W/32L,63,45,36,Pants
37530582,5,36W/34L,72,60,48,Pants
98194322,4,32C,51,43,35,Bra
55594734,0,30-36,6,4,8,Socks
24857959,0,36D,67,54,27,Bra
41134767,0,32W/32L,118,97,94,Pants
40170965,7,36C,35,29,75,Bra
56166145,1,30-36,9,6,57,Socks
73489300,3,30-36,9,7,56,Socks
19009398,4,2XS,50,41,Top
15896685,2,30W/32L,67,56,95,Pants
34645425,3,25-30,14,10,36,Socks
63111381,8,30-36,13,9,1,Socks
99221141,1,36DD,57,45,03,Bra
18277392,8,30-36,10,7,6,Socks
40170965,6,36C,35,29,75,Bra
47109521,4,XXS,49,35,77,Top
15053519,0,3XL,34,26,86,Top
63096181,1,32W/32L,106,90,1,Pants
37609437,3,2XS,37,26,64,Top
16494546,0,One Size,8,6,32,Socks
10417089,9,36D,54,38,34,Bra
27891564,7,XL,29,22,33,Top
44844856,9,M,55,47,3,Top
89051843,5,32A,59,46,02,Bra
55081920,6,32C,41,34,85,Bra
84150951,0,3XS,39,33,93,Top
99703954,4,32A,33,26,73,Bra
84833522,5,32B,46,40,48,Bra
80884426,6,X242S,63,50,4,Top
98853164,4,32BB,40,32,Bra
27917118,6,36DD,48,39,84,Bra
41085795,2,36W/34L,82,65,6,Pants
47676789,6,36W/34L,104,91,52,Pants
73489300,4,30-36,9,7,56,Socks
84833522,2,32B,46,40,48,Bra
62238080,0,S,38,27,36,Top
30487620,8,32C,60,43,2,Bra
31639049,5,L,45,34,65,Top
78576090,3,32A,33,27,72,Bra
78924629,0,36C,35,30,1,Bra
83420789,6,25-30,7,6,09,Socks
78220526,1,30W/32L,77,59,29,Pants
33736161,1,2XL,32,27,2,Top
33195864,3,25-30,6,5,22,Socks
61096541,6,30W/32L,76,55,48,Pants
55536618,2,36DD,62,44,64,Bra
90331544,2,32W/32L,99,88,11,Pants
57231733,8,30W/32L,94,78,02,Pants
71216187,7,One Size,5,4,35,Socks
97838150,3,One Size,12,9,24,Socks
33195864,5,25-30,6,5,22,Socks
45017288,6,32C,57,42,75,Bra
94550707,6,S,60,42,Top
89663991,9,30-36,5,3,7,Socks
14795153,6,34W/34L,118,90,86,Pants
86947402,0,36C,55,41,25,Bra
30487620,1,32C,60,43,2,Bra
52012304,7,30-36,6,5,16,Socks
62563778,4,36DD,50,44,5,Bra
46294096,1,XL,46,37,72,Top
68421223,1,32W/32L,83,70,55,Pants
11884539,2,L,55,39,05,Top
41940983,3,36D,40,33,6,Bra
86281541,3,36C,35,27,3,Bra
70289842,1,32W/32L,89,71,2,Pants
61156168,4,30W/32L,67,48,91,Pants
94884243,6,One Size,7,5,25,Socks
82618717,4,28W/30L,42,31,92,Pants
28561435,8,32C,43,36,98,Bra
97534688,4,34W/34L,102,74,46,Pants
50915857,6,32A,57,49,02,Bra
15928860,8,25-30,14,10,5,Socks
78393615,2,25-30,7,5,88,Socks
39278940,2,25-30,8,6,4,Socks
40170965,5,36C,35,29,75,Bra
49874414,5,28W/30L,96,76,8,Pants
30195926,8,32B,31,23,87,Bra
38964440,5,30-36,12,9,6,Socks
52183299,6,32A,32,26,88,Bra
27917118,2,36DD,48,39,84,Bra
19289054,8,2XL,44,30,8,Top
15896685,2,30W/32L,67,56,95,Pants
85314026,2,30-36,13,10,01,Socks
67955878,8,2XS,70,58,1,Top
39278940,0,25-30,8,6,4,Socks
28561435,8,32C,43,36,98,Bra
34645425,4,25-30,14,10,36,Socks
81759114,4,36D,51,37,23,Bra
18194004,8,3XL,52,38,48,Top
76486556,2,36C,49,39,69,Bra
74048980,4,34W/34L,82,69,7,Pants
30195926,2,32B,31,23,87,Bra
45151546,1,30W/32L,47,34,31,Pants
62238080,3,S,38,27,36,Top
49540995,6,30-36,7,5,11,Socks
31480398,5,28W/30L,91,63,7,Pants
41940983,9,36D,40,33,6,Bra
28576327,0,3XL,78,63,18,Top
37757066,3,L,56,47,04,Top
94906647,2,32C,33,23,1,Bra
41940983,2,36D,40,33,6,Bra
86947402,7,36C,55,41,25,Bra
78393615,2,25-30,7,5,88,Socks
61156168,0,30W/32L,67,48,91,Pants
30262545,5,32W/32L,76,61,56,Pants
18194004,8,3XL,52,38,48,Top
22177821,9,25-30,14,10,36,Socks
63861141,4,25-30,5,4,2,Socks
95675765,2,L,31,26,35,Top
19009398,5,2XS,50,41,Top
94550707,4,S,60,42,Top
42457151,3,32BB,34,25,16,Bra
89482398,1,30-36,6,4,74,Socks
60015955,8,28W/30L,51,36,72,Pants
68421223,6,32W/32L,83,70,55,Pants
29859355,8,One Size,10,8,3,Socks
38964440,9,30-36,12,9,6,Socks
91286214,2,32C,66,56,1,Bra
12736724,7,32W/32L,99,73,26,Pants
22529951,7,36W/34L,81,72,09,Pants
12736724,8,32W/32L,99,73,26,Pants
63953794,2,XL,50,39,Top
46294096,4,XL,46,37,72,Top
33195864,4,25-30,6,5,22,Socks
41940983,1,36D,40,33,6,Bra
28624594,6,30W/32L,68,55,08,Pants
52012304,5,30-36,6,5,16,Socks
41030113,7,36DD,64,47,36,Bra
60744968,2,2XL,68,51,68,Top
50479122,1,25-30,7,5,11,Socks
33736161,1,2XL,32,27,2,Top
71197640,1,XXS,31,26,97,Top
82078990,6,XL,20,17,4,Top
98194322,8,32C,51,43,35,Bra
80896265,1,28W/30L,44,37,84,Pants
89663991,5,30-36,5,3,7,Socks
77365514,0,One Size,9,6,57,Socks
37609437,4,2XS,37,26,64,Top
32737776,5,X242S,26,22,62,Top
94906647,0,32C,33,23,1,Bra
85314026,8,30-36,13,10,01,Socks
70289842,5,32W/32L,89,71,2,Pants
97534688,0,34W/34L,102,74,46,Pants
77070174,6,32B,35,25,9,Bra
81759114,2,36D,51,37,23,Bra
46495873,3,M,78,64,74,Top
77070174,8,32B,35,25,9,Bra
49563928,3,36D,69,57,27,Bra
18277392,6,30-36,10,7,6,Socks
41134767,0,32W/32L,118,97,94,Pants
79278946,5,X242S,42,30,66,Top
97534688,0,34W/34L,102,74,46,Pants
51399878,7,30W/32L,71,54,67,Pants
33736161,5,2XL,32,27,2,Top
22177821,6,25-30,14,10,36,Socks
95675765,8,L,31,26,35,Top
96064687,2,32C,32,28,48,Bra
63096181,8,32W/32L,106,90,1,Pants
13302559,8,2XS,65,48,1,Top
27917118,1,36DD,48,39,84,Bra
63111381,9,30-36,13,9,1,Socks
57231733,3,30W/32L,94,78,02,Pants
50479122,9,25-30,7,5,11,Socks
93671126,2,XL,33,23,76,Top
31480398,8,28W/30L,91,63,7,Pants
32505627,2,32BB,38,33,44,Bra
30262545,5,32W/32L,76,61,56,Pants
31669966,1,2XL,41,36,08,Top
25434681,0,32B,41,35,26,Bra
19662552,5,30W/32L,53,47,17,Pants
55536618,1,36DD,62,44,64,Bra
15053519,7,3XL,34,26,86,Top
49540995,4,30-36,7,5,11,Socks
96825175,2,30W/32L,52,37,96,Pants
74530492,7,32A,61,48,19,Bra
39278940,9,25-30,8,6,4,Socks
31669966,3,2XL,41,36,08,Top
77225620,8,34W/34L,61,50,63,Pants
93671126,8,XL,33,23,76,Top
57852105,0,30W/32L,99,80,19,Pants
99886661,4,L,63,45,99,Top
82078990,8,XL,20,17,4,Top
68421223,5,32W/32L,83,70,55,Pants
80896265,5,28W/30L,44,37,84,Pants
78274474,7,36C,66,52,8,Bra
21064376,7,32A,34,28,56,Bra
17941206,8,25-30,6,4,56,Socks
62171578,1,XXS,71,55,38,Top
19501403,2,S,25,20,25,Top
45017288,4,32C,57,42,75,Bra
35292967,9,36W/34L,68,47,6,Pants
94634614,7,25-30,12,8,4,Socks
78924629,8,36C,35,30,1,Bra
18769637,0,30-36,7,5,18,Socks
52075918,8,L,70,55,3,Top
30205013,8,30W/32L,72,60,48,Pants
79422752,1,X242S,74,59,94,Top
93419668,9,25-30,10,7,3,Socks
26074186,4,28W/30L,87,66,12,Pants
98694948,5,32A,55,41,25,Bra
24857959,6,36D,67,54,27,Bra
69651883,2,36D,64,50,56,Bra
52075918,1,L,70,55,3,Top
81759114,1,36D,51,37,23,Bra
81759114,9,36D,51,37,23,Bra
65844922,2,36DD,40,29,6,Bra
