EAN;Sales;Size;SoldPrice;BoughtPrice;ItemGroupName
94555435;1;36D;53;45,58;Bra
70548018;6;36W/34L;62;45,26;Pants
90155048;2;32W/32L;103;83,43;Pants
56326945;8;32B;48;42,24;Bra
22373913;8;S;70;59,5;Top
23443976;3;32W/32L;53;39,75;Pants
53297050;0;2XS;73;52,56;Top
94555435;9;36D;53;45,58;Bra
30359050;5;25-30;14;11,2;Socks
26526512;6;25-30;11;9,79;Socks
76863621;6;One Size;6;4,68;Socks
62629207;0;S;67;54,27;Top
67291215;6;32W/32L;101;89,89;Pants
14232187;2;XXS;59;51,92;Top
39058448;1;32BB;59;50,74;Bra
84604333;4;2XL;68;57,12;Top
66141061;3;2XL;43;30,1;Top
63564268;0;32A;64;45,44;Bra
30325861;2;L;22;17,38;Top
47095460;9;2XL;26;18,2;Top
40535324;4;25-30;8;6,4;Socks
97330723;5;36C;32;28,16;Bra
13313567;6;32BB;59;45,43;Bra
65389352;0;One Size;9;7,38;Socks
30359050;5;25-30;14;11,2;Socks
86532013;1;One Size;11;8,47;Socks
77417214;4;30W/32L;80;56;Pants
43290697;5;S;67;47,57;Top
54470290;4;X242S;52;38,48;Top
94845186;1;36W/34L;113;83,62;Pants
14232187;9;XXS;59;51,92;Top
84600208;0;32W/32L;108;93,96;Pants
46069959;0;36DD;32;27,2;Bra
97330723;6;36C;32;28,16;Bra
93265523;6;32W/32L;65;57,85;Pants
76037179;2;M;68;55,08;Top
11166778;1;M;40;30,8;Top
54470290;4;X242S;52;38,48;Top
76406634;0;36D;68;50,32;Bra
48437973;0;36DD;58;44,66;Bra
11445225;2;36DD;59;50,15;Bra
65751997;8;X242S;25;20;Top
40278562;3;One Size;14;11,2;Socks
45145098;1;36C;67;55,61;Bra
52840514;9;32BB;48;40,8;Bra
85880266;3;One Size;12;8,88;Socks
44499116;5;32W/32L;52;37,44;Pants
48208751;5;25-30;10;8,9;Socks
48514713;5;36DD;58;41,18;Bra
55414087;0;30-36;8;7,04;Socks
42276662;4;32C;53;46,11;Bra
64106892;2;2XS;69;53,82;Top
92154358;4;34W/34L;106;92,22;Pants
54484900;9;One Size;7;6,23;Socks
83301427;6;One Size;6;4,44;Socks
44201276;5;36D;38;31,92;Bra
41361032;2;One Size;6;4,38;Socks
62086631;3;32BB;54;42,66;Bra
79500861;6;32A;57;39,9;Bra
52180121;0;One Size;12;8,88;Socks
70753885;9;36DD;61;50,02;Bra
50343411;0;25-30;7;5,25;Socks
79408685;7;28W/30L;59;41,3;Pants
54707915;9;X242S;37;28,86;Top
79408685;6;28W/30L;59;41,3;Pants
16957637;4;30W/32L;113;91,53;Pants
54933773;7;28W/30L;73;55,48;Pants
43290697;0;S;67;47,57;Top
44499116;4;32W/32L;52;37,44;Pants
33070185;9;XL;74;58,46;Top
91831460;3;2XS;58;40,6;Top
14232187;6;XXS;59;51,92;Top
34211310;5;X242S;33;23,43;Top
48781089;0;32B;48;34,56;Bra
85880266;8;One Size;12;8,88;Socks
95925227;4;XL;68;54,4;Top
17372102;3;30W/32L;66;57,42;Pants
24909717;7;XXS;69;55,89;Top
37358727;9;One Size;14;12,04;Socks
25239101;7;32W/32L;65;45,5;Pants
92355026;1;25-30;14;9,94;Socks
68977565;9;S;40;28;Top
84604333;8;2XL;68;57,12;Top
98588822;9;30W/32L;75;66,75;Pants
21785277;3;32A;36;25,56;Bra
60866191;6;32BB;36;29,52;Bra
73180517;5;S;38;28,12;Top
30848175;9;30-36;10;7,4;Socks
85439784;5;28W/30L;94;78,02;Pants
14942177;3;34W/34L;75;53,25;Pants
14952238;8;One Size;5;3,75;Socks
42614786;3;3XS;46;39,56;Top
30848175;4;30-36;10;7,4;Socks
33981122;4;One Size;14;9,94;Socks
67293227;1;3XL;66;56,1;Top
73695022;7;25-30;8;6;Socks
12377568;6;XXS;50;42,5;Top
30848175;8;30-36;10;7,4;Socks
13531298;3;32A;62;55,18;Bra
54470290;3;X242S;52;38,48;Top
85939103;4;30-36;10;8,1;Socks
17629964;6;36W/34L;109;88,29;Pants
52548839;9;36C;37;27,75;Bra
12935554;1;M;76;61,56;Top
23443976;5;32W/32L;53;39,75;Pants
58841540;0;28W/30L;69;52,44;Pants
21071582;9;30-36;9;6,48;Socks
27708443;6;One Size;13;10,14;Socks
49738211;3;S;24;17,76;Top
65389352;9;One Size;9;7,38;Socks
90782199;7;32W/32L;57;44,46;Pants
53297050;8;2XS;73;52,56;Top
41138920;9;32B;47;38,07;Bra
67291215;4;32W/32L;101;89,89;Pants
70753885;9;36DD;61;50,02;Bra
92176171;0;M;67;59,63;Top
55414087;1;30-36;8;7,04;Socks
94449894;9;30W/32L;100;79;Pants
30398793;8;36DD;34;25,16;Bra
29689273;6;25-30;14;12,04;Socks
22379658;0;One Size;14;11,9;Socks
16945429;9;3XL;30;22,2;Top
16957637;8;30W/32L;113;91,53;Pants
72604356;0;25-30;6;4,32;Socks
81236120;8;One Size;13;9,75;Socks
52963278;5;36W/34L;74;55,5;Pants
92355026;9;25-30;14;9,94;Socks
50643309;9;2XL;74;52,54;Top
21071582;4;30-36;9;6,48;Socks
12377568;8;XXS;50;42,5;Top
23223179;9;3XL;75;54,75;Top
73223648;9;30-36;6;4,98;Socks
38521515;5;32W/32L;70;53,2;Pants
60106565;8;One Size;9;7,47;Socks
90155048;3;32W/32L;103;83,43;Pants
83301427;2;One Size;6;4,44;Socks
12377568;7;XXS;50;42,5;Top
45145098;6;36C;67;55,61;Bra
39058448;9;32BB;59;50,74;Bra
83832739;8;25-30;14;10,64;Socks
56326945;2;32B;48;42,24;Bra
76406634;2;36D;68;50,32;Bra
14942177;5;34W/34L;75;53,25;Pants
20152947;8;3XL;22;16,5;Top
88656694;4;S;30;24,3;Top
14690239;6;36DD;55;45,1;Bra
30398793;5;36DD;34;25,16;Bra
83627565;4;32C;30;25,2;Bra
77847173;2;3XL;26;21,32;Top
92505950;5;36DD;61;46,97;Bra
48781089;3;32B;48;34,56;Bra
62681678;4;2XS;79;68,73;Top
40527196;1;3XS;25;22;Top
52180121;3;One Size;12;8,88;Socks
36178624;8;28W/30L;108;96,12;Pants
24909717;8;XXS;69;55,89;Top
48781089;0;32B;48;34,56;Bra
77417214;7;30W/32L;80;56;Pants
30540100;0;32B;59;43,07;Bra
37344788;3;3XL;74;65,86;Top
45145098;8;36C;67;55,61;Bra
54470290;8;X242S;52;38,48;Top
27964160;7;36W/34L;67;49,58;Pants
23070304;1;30-36;9;6,39;Socks
86532013;9;One Size;11;8,47;Socks
71032979;7;32W/32L;50;39,5;Pants
71851674;6;One Size;14;11,06;Socks
25554071;3;28W/30L;45;40,05;Pants
13520008;5;34W/34L;69;55,89;Pants
14764123;4;3XL;50;42,5;Top
35992557;3;36W/34L;112;85,12;Pants
12377568;3;XXS;50;42,5;Top
50969948;6;32W/32L;117;94,77;Pants
30815405;4;3XS;59;43,66;Top
92176171;9;M;67;59,63;Top
71365318;3;One Size;13;10,92;Socks
94845186;8;36W/34L;113;83,62;Pants
84604333;5;2XL;68;57,12;Top
41513826;9;32B;32;26,88;Bra
40278562;5;One Size;14;11,2;Socks
22379658;1;One Size;14;11,9;Socks
50117798;5;One Size;12;9;Socks
42214269;1;30-36;7;5,11;Socks
17768982;3;2XL;20;17,2;Top
83011317;7;30W/32L;73;57,67;Pants
26526512;0;25-30;11;9,79;Socks
11043900;1;36W/34L;58;44,66;Pants
38421456;1;3XL;20;15,8;Top
52963278;1;36W/34L;74;55,5;Pants
82798623;9;34W/34L;99;84,15;Pants
48914291;0;32W/32L;80;64,8;Pants
13313567;9;32BB;59;45,43;Bra
72358060;9;30W/32L;109;94,83;Pants
26415011;9;32C;37;27,75;Bra
93980601;6;XL;36;25,2;Top
25239101;1;32W/32L;65;45,5;Pants
36178624;6;28W/30L;108;96,12;Pants
46460699;9;34W/34L;49;42,14;Pants
36226013;6;3XS;71;57,51;Top
48414787;3;32B;66;53,46;Bra
29423508;9;25-30;11;9,35;Socks
37894232;0;32W/32L;40;31,2;Pants
53297050;3;2XS;73;52,56;Top
65389352;6;One Size;9;7,38;Socks
31192834;8;3XL;38;32,68;Top
86657963;1;One Size;7;6,02;Socks
82091993;4;30W/32L;66;51,48;Pants
41710348;8;30-36;10;8,3;Socks
76610344;3;28W/30L;44;36,52;Pants
76268236;5;One Size;5;3,8;Socks
29423508;6;25-30;11;9,35;Socks
37358727;6;One Size;14;12,04;Socks
24878415;2;34W/34L;75;58,5;Pants
82798623;1;34W/34L;99;84,15;Pants
33170046;5;S;55;42,35;Top
78390862;5;One Size;5;3,9;Socks
11166778;5;M;40;30,8;Top
34211310;7;X242S;33;23,43;Top
42214269;8;30-36;7;5,11;Socks
73223648;7;30-36;6;4,98;Socks
85939103;4;30-36;10;8,1;Socks
24909717;1;XXS;69;55,89;Top
14232187;3;XXS;59;51,92;Top
58131802;8;36D;38;27,74;Bra
17768982;6;2XL;20;17,2;Top
21999501;4;36DD;60;42;Bra
40278562;1;One Size;14;11,2;Socks
86657963;8;One Size;7;6,02;Socks
30815405;2;3XS;59;43,66;Top
54470290;9;X242S;52;38,48;Top
22379658;7;One Size;14;11,9;Socks
77175050;5;36D;30;22,2;Bra
84031015;0;36DD;64;47,36;Bra
67163030;0;36D;41;32,8;Bra
96826174;5;34W/34L;75;64,5;Pants
92154358;1;34W/34L;106;92,22;Pants
37344788;4;3XL;74;65,86;Top
43290697;9;S;67;47,57;Top
30848175;4;30-36;10;7,4;Socks
14232187;3;XXS;59;51,92;Top
13318013;0;36W/34L;77;57,75;Pants
30398793;6;36DD;34;25,16;Bra
40535324;9;25-30;8;6,4;Socks
13313567;7;32BB;59;45,43;Bra
67291215;1;32W/32L;101;89,89;Pants
48914291;9;32W/32L;80;64,8;Pants
65389352;5;One Size;9;7,38;Socks
26415011;3;32C;37;27,75;Bra
75604316;0;M;47;33,84;Top
93980601;7;XL;36;25,2;Top
59696674;3;30W/32L;107;92,02;Pants
73695022;7;25-30;8;6;Socks
98588822;9;30W/32L;75;66,75;Pants
17202106;8;30-36;9;6,48;Socks
52399792;2;36D;56;49,28;Bra
79500861;0;32A;57;39,9;Bra
11043900;6;36W/34L;58;44,66;Pants
41361032;0;One Size;6;4,38;Socks
86532013;7;One Size;11;8,47;Socks
50343411;0;25-30;7;5,25;Socks
60866191;8;32BB;36;29,52;Bra
95652558;2;36C;65;57,2;Bra
88656694;0;S;30;24,3;Top
92017888;8;One Size;10;7,6;Socks
99538917;7;One Size;6;4,86;Socks
90782199;0;32W/32L;57;44,46;Pants
43290697;0;S;67;47,57;Top
28221547;0;34W/34L;68;48,96;Pants
73223648;8;30-36;6;4,98;Socks
25554071;2;28W/30L;45;40,05;Pants
66929889;4;36DD;65;51,35;Bra
24909717;4;XXS;69;55,89;Top
37894232;7;32W/32L;40;31,2;Pants
22041857;7;L;67;55,61;Top
94449894;6;30W/32L;100;79;Pants
33170046;0;S;55;42,35;Top
46976745;0;36C;35;30,1;Bra
17768982;4;2XL;20;17,2;Top
48208751;1;25-30;10;8,9;Socks
13318013;0;36W/34L;77;57,75;Pants
92355026;8;25-30;14;9,94;Socks
72604356;5;25-30;6;4,32;Socks
49328405;9;32BB;41;28,7;Bra
98588822;8;30W/32L;75;66,75;Pants
84604333;9;2XL;68;57,12;Top
80132719;4;30-36;11;7,7;Socks
85939103;5;30-36;10;8,1;Socks
36178624;0;28W/30L;108;96,12;Pants
85939103;8;30-36;10;8,1;Socks
46069959;0;36DD;32;27,2;Bra
62629207;6;S;67;54,27;Top
54470290;5;X242S;52;38,48;Top
86532013;8;One Size;11;8,47;Socks
92355026;9;25-30;14;9,94;Socks
52963278;6;36W/34L;74;55,5;Pants
70753885;1;36DD;61;50,02;Bra
30398793;5;36DD;34;25,16;Bra
38421456;1;3XL;20;15,8;Top
83627565;6;32C;30;25,2;Bra
86532013;7;One Size;11;8,47;Socks
84031015;8;36DD;64;47,36;Bra
42276662;4;32C;53;46,11;Bra
21785277;2;32A;36;25,56;Bra
94449894;8;30W/32L;100;79;Pants
29423508;5;25-30;11;9,35;Socks
85880266;8;One Size;12;8,88;Socks
52399792;9;36D;56;49,28;Bra
48514713;2;36DD;58;41,18;Bra
93719171;3;36W/34L;69;51,75;Pants
27708443;1;One Size;13;10,14;Socks
79408685;7;28W/30L;59;41,3;Pants
27708443;8;One Size;13;10,14;Socks
82798623;5;34W/34L;99;84,15;Pants
15994553;1;30-36;14;12,46;Socks
76406634;9;36D;68;50,32;Bra
50117798;8;One Size;12;9;Socks
84604333;1;2XL;68;57,12;Top
91831460;1;2XS;58;40,6;Top
38421456;2;3XL;20;15,8;Top
49328405;2;32BB;41;28,7;Bra
24909717;1;XXS;69;55,89;Top
36226013;4;3XS;71;57,51;Top
22373913;7;S;70;59,5;Top
67291215;7;32W/32L;101;89,89;Pants
74481829;5;36D;35;28,35;Bra
34211310;7;X242S;33;23,43;Top
11445225;9;36DD;59;50,15;Bra
83226571;2;30-36;9;7,38;Socks
41513826;7;32B;32;26,88;Bra
88566138;9;One Size;11;7,92;Socks
42473824;2;One Size;13;11,44;Socks
90804564;6;2XL;50;39;Top
53699722;7;X242S;59;45,43;Top
74481829;4;36D;35;28,35;Bra
49328405;3;32BB;41;28,7;Bra
41361032;1;One Size;6;4,38;Socks
62086631;2;32BB;54;42,66;Bra
75560589;3;30W/32L;51;41,82;Pants
34211310;8;X242S;33;23,43;Top
84143988;9;25-30;9;7,56;Socks
62606390;6;30-36;11;8,91;Socks
48437973;3;36DD;58;44,66;Bra
92176171;9;M;67;59,63;Top
13531298;7;32A;62;55,18;Bra
45439551;9;25-30;5;4,15;Socks
50688180;9;32W/32L;98;86,24;Pants
90155048;0;32W/32L;103;83,43;Pants
27708443;6;One Size;13;10,14;Socks
62180424;6;2XS;31;21,7;Top
25239101;0;32W/32L;65;45,5;Pants
52840514;3;32BB;48;40,8;Bra
59221648;1;32B;52;40,56;Bra
79500861;5;32A;57;39,9;Bra
94449894;5;30W/32L;100;79;Pants
33235068;7;36W/34L;115;97,75;Pants
28221547;8;34W/34L;68;48,96;Pants
81236120;9;One Size;13;9,75;Socks
75560589;2;30W/32L;51;41,82;Pants
24909717;7;XXS;69;55,89;Top
74313088;9;XL;30;21;Top
77847173;9;3XL;26;21,32;Top
53699722;6;X242S;59;45,43;Top
54707915;2;X242S;37;28,86;Top
39964973;5;XXS;24;17,76;Top
83226571;8;30-36;9;7,38;Socks
52548839;7;36C;37;27,75;Bra
77847173;5;3XL;26;21,32;Top
99548287;8;30W/32L;60;43,2;Pants
80546982;0;XL;75;61,5;Top
40078403;2;XXS;78;59,28;Top
17009864;2;30W/32L;54;42,66;Pants
21999501;9;36DD;60;42;Bra
45145098;6;36C;67;55,61;Bra
17760173;2;3XL;45;39,15;Top
84143988;5;25-30;9;7,56;Socks
94555435;7;36D;53;45,58;Bra
95968591;9;2XS;68;52,36;Top
40527196;1;3XS;25;22;Top
16945429;7;3XL;30;22,2;Top
82798623;2;34W/34L;99;84,15;Pants
65751997;6;X242S;25;20;Top
29689273;6;25-30;14;12,04;Socks
78390862;8;One Size;5;3,9;Socks
11445225;7;36DD;59;50,15;Bra
53533721;8;36D;66;46,2;Bra
30325861;7;L;22;17,38;Top
39058448;4;32BB;59;50,74;Bra
96826174;2;34W/34L;75;64,5;Pants
77175050;1;36D;30;22,2;Bra
11166778;9;M;40;30,8;Top
15994553;6;30-36;14;12,46;Socks
54470290;6;X242S;52;38,48;Top
62629207;2;S;67;54,27;Top
86657963;3;One Size;7;6,02;Socks
90804564;9;2XL;50;39;Top
67163030;4;36D;41;32,8;Bra
65078750;8;30W/32L;53;43,46;Pants
17760173;6;3XL;45;39,15;Top
83832739;4;25-30;14;10,64;Socks
14762865;9;3XL;63;54,81;Top
21785277;8;32A;36;25,56;Bra
30325861;2;L;22;17,38;Top
17202106;9;30-36;9;6,48;Socks
62681678;3;2XS;79;68,73;Top
42614786;0;3XS;46;39,56;Top
23070304;3;30-36;9;6,39;Socks
93719171;3;36W/34L;69;51,75;Pants
41710348;5;30-36;10;8,3;Socks
59696674;8;30W/32L;107;92,02;Pants
11043900;6;36W/34L;58;44,66;Pants
86791396;1;X242S;69;54,51;Top
50969948;9;32W/32L;117;94,77;Pants
53683452;5;3XL;59;46,61;Top
58075606;7;32C;39;28,08;Bra
92017888;9;One Size;10;7,6;Socks
22373913;4;S;70;59,5;Top
80329518;9;34W/34L;98;79,38;Pants
48514713;7;36DD;58;41,18;Bra
98588822;8;30W/32L;75;66,75;Pants
46460699;3;34W/34L;49;42,14;Pants
17009864;6;30W/32L;54;42,66;Pants
63564268;2;32A;64;45,44;Bra
90782199;4;32W/32L;57;44,46;Pants
54484900;8;One Size;7;6,23;Socks
50969948;3;32W/32L;117;94,77;Pants
60866191;5;32BB;36;29,52;Bra
70753885;8;36DD;61;50,02;Bra
40535324;7;25-30;8;6,4;Socks
67291215;6;32W/32L;101;89,89;Pants
17760173;1;3XL;45;39,15;Top
94449894;9;30W/32L;100;79;Pants
65021000;0;30-36;10;8,6;Socks
26415011;8;32C;37;27,75;Bra
53533721;8;36D;66;46,2;Bra
30848175;1;30-36;10;7,4;Socks
88656694;0;S;30;24,3;Top
31192834;4;3XL;38;32,68;Top
11043900;4;36W/34L;58;44,66;Pants
11051532;1;X242S;56;39,2;Top
83226571;7;30-36;9;7,38;Socks
37358727;5;One Size;14;12,04;Socks
11676792;8;30-36;9;6,48;Socks
49738211;8;S;24;17,76;Top
22379658;9;One Size;14;11,9;Socks
17372102;8;30W/32L;66;57,42;Pants
37358727;3;One Size;14;12,04;Socks
54933773;0;28W/30L;73;55,48;Pants
60866191;4;32BB;36;29,52;Bra
90804564;1;2XL;50;39;Top
30359050;2;25-30;14;11,2;Socks
76610344;7;28W/30L;44;36,52;Pants
42214269;3;30-36;7;5,11;Socks
33981122;7;One Size;14;9,94;Socks
30359050;2;25-30;14;11,2;Socks
53683452;6;3XL;59;46,61;Top
71365318;2;One Size;13;10,92;Socks
49328405;9;32BB;41;28,7;Bra
14690239;2;36DD;55;45,1;Bra
88745694;9;36DD;56;48,72;Bra
70753885;4;36DD;61;50,02;Bra
73695022;8;25-30;8;6;Socks
80132719;0;30-36;11;7,7;Socks
78390862;2;One Size;5;3,9;Socks
44201276;0;36D;38;31,92;Bra
14232187;9;XXS;59;51,92;Top
33483439;4;28W/30L;71;53,96;Pants
48414787;9;32B;66;53,46;Bra
53533721;6;36D;66;46,2;Bra
94555435;1;36D;53;45,58;Bra
27708443;5;One Size;13;10,14;Socks
36690229;0;XXS;53;37,63;Top
28221547;7;34W/34L;68;48,96;Pants
90782199;8;32W/32L;57;44,46;Pants
79949517;9;32B;32;24,64;Bra
22379658;9;One Size;14;11,9;Socks
11445225;9;36DD;59;50,15;Bra
76268236;6;One Size;5;3,8;Socks
36178624;8;28W/30L;108;96,12;Pants
92355026;0;25-30;14;9,94;Socks
85880266;0;One Size;12;8,88;Socks
17372102;0;30W/32L;66;57,42;Pants
66141061;2;2XL;43;30,1;Top
64106892;4;2XS;69;53,82;Top
79500861;3;32A;57;39,9;Bra
20152947;7;3XL;22;16,5;Top
44499116;7;32W/32L;52;37,44;Pants
44201276;4;36D;38;31,92;Bra
13318013;0;36W/34L;77;57,75;Pants
73398529;8;2XS;34;24,48;Top
11445225;8;36DD;59;50,15;Bra
92355026;7;25-30;14;9,94;Socks
25239101;9;32W/32L;65;45,5;Pants
13318013;6;36W/34L;77;57,75;Pants
48437973;4;36DD;58;44,66;Bra
30848175;7;30-36;10;7,4;Socks
52399792;2;36D;56;49,28;Bra
54470290;9;X242S;52;38,48;Top
14764123;3;3XL;50;42,5;Top
78390862;4;One Size;5;3,9;Socks
61525798;3;30W/32L;81;58,32;Pants
62086631;0;32BB;54;42,66;Bra
88566138;8;One Size;11;7,92;Socks
77175050;9;36D;30;22,2;Bra
48437973;5;36DD;58;44,66;Bra
54470290;7;X242S;52;38,48;Top
21785277;8;32A;36;25,56;Bra
11051532;9;X242S;56;39,2;Top
11051532;7;X242S;56;39,2;Top
12935554;2;M;76;61,56;Top
92017888;4;One Size;10;7,6;Socks
41710348;1;30-36;10;8,3;Socks
76406634;6;36D;68;50,32;Bra
17009864;4;30W/32L;54;42,66;Pants
52180121;5;One Size;12;8,88;Socks
58075606;9;32C;39;28,08;Bra
37894232;2;32W/32L;40;31,2;Pants
85939103;5;30-36;10;8,1;Socks
62086631;8;32BB;54;42,66;Bra
62629207;9;S;67;54,27;Top
44499116;3;32W/32L;52;37,44;Pants
77847173;4;3XL;26;21,32;Top
27708443;8;One Size;13;10,14;Socks
14232187;8;XXS;59;51,92;Top
80132719;4;30-36;11;7,7;Socks
67163030;7;36D;41;32,8;Bra
31192834;8;3XL;38;32,68;Top
97330723;8;36C;32;28,16;Bra
67293227;6;3XL;66;56,1;Top
79779732;9;36W/34L;114;91,2;Pants
85880266;8;One Size;12;8,88;Socks
86532013;9;One Size;11;8,47;Socks
70548018;5;36W/34L;62;45,26;Pants
39058448;3;32BB;59;50,74;Bra
37344788;9;3XL;74;65,86;Top
47095460;8;2XL;26;18,2;Top
88656694;7;S;30;24,3;Top
52963278;0;36W/34L;74;55,5;Pants
48914291;9;32W/32L;80;64,8;Pants
98588822;7;30W/32L;75;66,75;Pants
88656694;1;S;30;24,3;Top
94555435;1;36D;53;45,58;Bra
74599895;1;XXS;39;33,54;Top
11051532;1;X242S;56;39,2;Top
50969948;2;32W/32L;117;94,77;Pants
60391442;3;32W/32L;99;86,13;Pants
54484900;8;One Size;7;6,23;Socks
64106892;4;2XS;69;53,82;Top
30359050;1;25-30;14;11,2;Socks
48437973;9;36DD;58;44,66;Bra
97330723;2;36C;32;28,16;Bra
65021000;1;30-36;10;8,6;Socks
48514713;1;36DD;58;41,18;Bra
41513826;2;32B;32;26,88;Bra
85880266;7;One Size;12;8,88;Socks
80132719;1;30-36;11;7,7;Socks
88566138;4;One Size;11;7,92;Socks
65021000;5;30-36;10;8,6;Socks
33981122;7;One Size;14;9,94;Socks
22872546;5;32A;36;31,68;Bra
39964973;0;XXS;24;17,76;Top
52963278;9;36W/34L;74;55,5;Pants
50117798;0;One Size;12;9;Socks
13318013;9;36W/34L;77;57,75;Pants
40527196;0;3XS;25;22;Top
21999501;2;36DD;60;42;Bra
85939103;4;30-36;10;8,1;Socks
50117798;7;One Size;12;9;Socks
33235068;3;36W/34L;115;97,75;Pants
76406634;9;36D;68;50,32;Bra
67409841;9;32W/32L;104;86,32;Pants
23443976;0;32W/32L;53;39,75;Pants
38767555;6;32A;52;40,56;Bra
62100070;5;28W/30L;61;45,75;Pants
99476360;7;25-30;14;11,62;Socks
13531298;1;32A;62;55,18;Bra
71032979;9;32W/32L;50;39,5;Pants
33483439;6;28W/30L;71;53,96;Pants
94449894;3;30W/32L;100;79;Pants
67293227;8;3XL;66;56,1;Top
48437973;6;36DD;58;44,66;Bra
15994553;6;30-36;14;12,46;Socks
82091993;5;30W/32L;66;51,48;Pants
38521515;4;32W/32L;70;53,2;Pants
99538917;2;One Size;6;4,86;Socks
14952238;6;One Size;5;3,75;Socks
74599895;3;XXS;39;33,54;Top
14762865;3;3XL;63;54,81;Top
14952238;2;One Size;5;3,75;Socks
34211310;6;X242S;33;23,43;Top
22379658;2;One Size;14;11,9;Socks
96826174;7;34W/34L;75;64,5;Pants
29689273;6;25-30;14;12,04;Socks
52963278;1;36W/34L;74;55,5;Pants
84143988;9;25-30;9;7,56;Socks
17202106;6;30-36;9;6,48;Socks
39511542;5;36W/34L;107;93,09;Pants
41513826;8;32B;32;26,88;Bra
33483439;0;28W/30L;71;53,96;Pants
46976745;8;36C;35;30,1;Bra
26415011;5;32C;37;27,75;Bra
42840707;8;32W/32L;91;77,35;Pants
82938436;3;28W/30L;113;96,05;Pants
75604316;6;M;47;33,84;Top
52548839;5;36C;37;27,75;Bra
77175050;3;36D;30;22,2;Bra
31192834;4;3XL;38;32,68;Top
48914291;2;32W/32L;80;64,8;Pants
12991599;2;30-36;13;9,62;Socks
88566138;1;One Size;11;7,92;Socks
23313150;5;3XS;24;18,96;Top
80132719;3;30-36;11;7,7;Socks
83832739;3;25-30;14;10,64;Socks
84604333;5;2XL;68;57,12;Top
66141061;1;2XL;43;30,1;Top
62681678;6;2XS;79;68,73;Top
53699722;2;X242S;59;45,43;Top
92176171;9;M;67;59,63;Top
22373913;4;S;70;59,5;Top
23443976;6;32W/32L;53;39,75;Pants
29423508;7;25-30;11;9,35;Socks
14952238;0;One Size;5;3,75;Socks
88656694;5;S;30;24,3;Top
77847173;0;3XL;26;21,32;Top
53683452;0;3XL;59;46,61;Top
70548018;3;36W/34L;62;45,26;Pants
17629964;2;36W/34L;109;88,29;Pants
57993964;1;36W/34L;49;37,73;Pants
54470290;2;X242S;52;38,48;Top
41710348;4;30-36;10;8,3;Socks
83627565;4;32C;30;25,2;Bra
49328405;7;32BB;41;28,7;Bra
88566138;8;One Size;11;7,92;Socks
99538917;3;One Size;6;4,86;Socks
53533721;9;36D;66;46,2;Bra
30540100;5;32B;59;43,07;Bra
64106892;9;2XS;69;53,82;Top
43889246;1;30-36;5;4,1;Socks
37344788;5;3XL;74;65,86;Top
21785277;6;32A;36;25,56;Bra
76863621;0;One Size;6;4,68;Socks
50343411;0;25-30;7;5,25;Socks
22872546;8;32A;36;31,68;Bra
40278562;7;One Size;14;11,2;Socks
37358727;6;One Size;14;12,04;Socks
43290697;1;S;67;47,57;Top
79408685;6;28W/30L;59;41,3;Pants
22379658;1;One Size;14;11,9;Socks
85880266;9;One Size;12;8,88;Socks
79949517;5;32B;32;24,64;Bra
44499116;8;32W/32L;52;37,44;Pants
73695022;6;25-30;8;6;Socks
71851674;2;One Size;14;11,06;Socks
52399792;4;36D;56;49,28;Bra
30815405;4;3XS;59;43,66;Top
74481829;0;36D;35;28,35;Bra
17629964;4;36W/34L;109;88,29;Pants
56874535;5;32W/32L;92;69;Pants
41361032;6;One Size;6;4,38;Socks
89039994;5;30-36;10;7,7;Socks
40535324;3;25-30;8;6,4;Socks
37358727;3;One Size;14;12,04;Socks
39511542;3;36W/34L;107;93,09;Pants
33070185;6;XL;74;58,46;Top
31192834;8;3XL;38;32,68;Top
23313150;5;3XS;24;18,96;Top
79408685;9;28W/30L;59;41,3;Pants
83301427;6;One Size;6;4,44;Socks
42614786;1;3XS;46;39,56;Top
62180424;7;2XS;31;21,7;Top
33170046;3;S;55;42,35;Top
93719171;4;36W/34L;69;51,75;Pants
17760173;3;3XL;45;39,15;Top
30325861;5;L;22;17,38;Top
84604333;8;2XL;68;57,12;Top
50688180;3;32W/32L;98;86,24;Pants
83301427;9;One Size;6;4,44;Socks
29689273;0;25-30;14;12,04;Socks
62363367;4;One Size;11;7,81;Socks
62086631;7;32BB;54;42,66;Bra
52548839;3;36C;37;27,75;Bra
48781089;1;32B;48;34,56;Bra
84604333;3;2XL;68;57,12;Top
75560589;2;30W/32L;51;41,82;Pants
48208751;7;25-30;10;8,9;Socks
71365318;9;One Size;13;10,92;Socks
76268236;0;One Size;5;3,8;Socks
82938436;9;28W/30L;113;96,05;Pants
88040299;0;One Size;8;5,68;Socks
62100070;1;28W/30L;61;45,75;Pants
60391442;9;32W/32L;99;86,13;Pants
62629207;3;S;67;54,27;Top
59221648;4;32B;52;40,56;Bra
41138920;0;32B;47;38,07;Bra
50643309;0;2XL;74;52,54;Top
14232187;9;XXS;59;51,92;Top
68977565;4;S;40;28;Top
40535324;4;25-30;8;6,4;Socks
88745694;4;36DD;56;48,72;Bra
73398529;9;2XS;34;24,48;Top
11166778;8;M;40;30,8;Top
22379658;3;One Size;14;11,9;Socks
48781089;5;32B;48;34,56;Bra
26526512;1;25-30;11;9,79;Socks
48414787;2;32B;66;53,46;Bra
73695022;8;25-30;8;6;Socks
30359050;6;25-30;14;11,2;Socks
84600208;5;32W/32L;108;93,96;Pants
46976745;2;36C;35;30,1;Bra
14764123;3;3XL;50;42,5;Top
77417214;1;30W/32L;80;56;Pants
84604333;4;2XL;68;57,12;Top
72358060;4;30W/32L;109;94,83;Pants
79949517;0;32B;32;24,64;Bra
68977565;0;S;40;28;Top
14762865;4;3XL;63;54,81;Top
41138920;7;32B;47;38,07;Bra
54933773;1;28W/30L;73;55,48;Pants
68977565;2;S;40;28;Top
30398793;6;36DD;34;25,16;Bra
62180424;3;2XS;31;21,7;Top
60391442;8;32W/32L;99;86,13;Pants
53699722;0;X242S;59;45,43;Top
58075606;2;32C;39;28,08;Bra
47099526;1;2XS;41;33,21;Top
73180517;0;S;38;28,12;Top
88745694;3;36DD;56;48,72;Bra
61525798;5;30W/32L;81;58,32;Pants
58075606;0;32C;39;28,08;Bra
31192834;5;3XL;38;32,68;Top
84143988;1;25-30;9;7,56;Socks
46460699;9;34W/34L;49;42,14;Pants
49738211;4;S;24;17,76;Top
39511542;6;36W/34L;107;93,09;Pants
55414087;6;30-36;8;7,04;Socks
40078403;1;XXS;78;59,28;Top
53699722;9;X242S;59;45,43;Top
74313088;1;XL;30;21;Top
54484900;4;One Size;7;6,23;Socks
94555435;2;36D;53;45,58;Bra
11166778;3;M;40;30,8;Top
39511542;2;36W/34L;107;93,09;Pants
45439551;1;25-30;5;4,15;Socks
53533721;6;36D;66;46,2;Bra
21785277;5;32A;36;25,56;Bra
73180517;3;S;38;28,12;Top
68977565;8;S;40;28;Top
25239101;3;32W/32L;65;45,5;Pants
69482933;1;2XS;57;48,45;Top
86791396;4;X242S;69;54,51;Top
94449894;2;30W/32L;100;79;Pants
61525798;6;30W/32L;81;58,32;Pants
74313088;9;XL;30;21;Top
84031015;1;36DD;64;47,36;Bra
76863621;2;One Size;6;4,68;Socks
76268236;8;One Size;5;3,8;Socks
41138920;6;32B;47;38,07;Bra
44499116;6;32W/32L;52;37,44;Pants
53533721;6;36D;66;46,2;Bra
82938436;0;28W/30L;113;96,05;Pants
49738211;9;S;24;17,76;Top
12377568;6;XXS;50;42,5;Top
27708443;7;One Size;13;10,14;Socks
11051532;4;X242S;56;39,2;Top
28221547;9;34W/34L;68;48,96;Pants
48914291;7;32W/32L;80;64,8;Pants
11676792;0;30-36;9;6,48;Socks
21785277;6;32A;36;25,56;Bra
33070185;3;XL;74;58,46;Top
54470290;0;X242S;52;38,48;Top
92154358;7;34W/34L;106;92,22;Pants
37894232;2;32W/32L;40;31,2;Pants
35992557;5;36W/34L;112;85,12;Pants
46703848;8;28W/30L;104;79,04;Pants
61525798;5;30W/32L;81;58,32;Pants
84604333;9;2XL;68;57,12;Top
33170046;0;S;55;42,35;Top
60866191;1;32BB;36;29,52;Bra
41138920;1;32B;47;38,07;Bra
45439551;1;25-30;5;4,15;Socks
12935554;5;M;76;61,56;Top
74566085;3;28W/30L;68;50,32;Pants
60866191;6;32BB;36;29,52;Bra
58131802;4;36D;38;27,74;Bra
68977565;8;S;40;28;Top
79408685;8;28W/30L;59;41,3;Pants
14952238;9;One Size;5;3,75;Socks
75560589;1;30W/32L;51;41,82;Pants
76037179;7;M;68;55,08;Top
97330723;5;36C;32;28,16;Bra
30540100;5;32B;59;43,07;Bra
45145098;1;36C;67;55,61;Bra
37344788;0;3XL;74;65,86;Top
27708443;3;One Size;13;10,14;Socks
98588822;9;30W/32L;75;66,75;Pants
77847173;2;3XL;26;21,32;Top
52180121;1;One Size;12;8,88;Socks
30540100;2;32B;59;43,07;Bra
22379658;7;One Size;14;11,9;Socks
93980601;0;XL;36;25,2;Top
48914291;6;32W/32L;80;64,8;Pants
22872546;9;32A;36;31,68;Bra
39964973;9;XXS;24;17,76;Top
52840514;8;32BB;48;40,8;Bra
73695022;1;25-30;8;6;Socks
92176171;8;M;67;59,63;Top
77417214;3;30W/32L;80;56;Pants
36178624;5;28W/30L;108;96,12;Pants
48437973;3;36DD;58;44,66;Bra
45145098;2;36C;67;55,61;Bra
53683452;7;3XL;59;46,61;Top
42214269;1;30-36;7;5,11;Socks
93980601;6;XL;36;25,2;Top
83011317;4;30W/32L;73;57,67;Pants
33070185;4;XL;74;58,46;Top
48514713;9;36DD;58;41,18;Bra
67409841;5;32W/32L;104;86,32;Pants
94845186;5;36W/34L;113;83,62;Pants
73223648;5;30-36;6;4,98;Socks
47095460;7;2XL;26;18,2;Top
31192834;4;3XL;38;32,68;Top
62180424;8;2XS;31;21,7;Top
42840707;3;32W/32L;91;77,35;Pants
72358060;3;30W/32L;109;94,83;Pants
23070304;8;30-36;9;6,39;Socks
62681678;2;2XS;79;68,73;Top
30540100;0;32B;59;43,07;Bra
65078750;9;30W/32L;53;43,46;Pants
93980601;9;XL;36;25,2;Top
43290697;4;S;67;47,57;Top
80329518;3;34W/34L;98;79,38;Pants
30359050;3;25-30;14;11,2;Socks
99538917;1;One Size;6;4,86;Socks
43290697;2;S;67;47,57;Top
77847173;0;3XL;26;21,32;Top
22379658;6;One Size;14;11,9;Socks
61525798;7;30W/32L;81;58,32;Pants
41513826;2;32B;32;26,88;Bra
62086631;3;32BB;54;42,66;Bra
64106892;1;2XS;69;53,82;Top
62086631;4;32BB;54;42,66;Bra
80132719;1;30-36;11;7,7;Socks
77175050;5;36D;30;22,2;Bra
11676792;6;30-36;9;6,48;Socks
14942177;9;34W/34L;75;53,25;Pants
29689273;2;25-30;14;12,04;Socks
73398529;9;2XS;34;24,48;Top
77417214;8;30W/32L;80;56;Pants
74599895;1;XXS;39;33,54;Top
92355026;4;25-30;14;9,94;Socks
62086631;8;32BB;54;42,66;Bra
92017888;5;One Size;10;7,6;Socks
46069959;4;36DD;32;27,2;Bra
46069959;7;36DD;32;27,2;Bra
44201276;3;36D;38;31,92;Bra
33235068;8;36W/34L;115;97,75;Pants
79408685;6;28W/30L;59;41,3;Pants
76863621;4;One Size;6;4,68;Socks
42840707;6;32W/32L;91;77,35;Pants
48514713;0;36DD;58;41,18;Bra
79408685;7;28W/30L;59;41,3;Pants
82091993;4;30W/32L;66;51,48;Pants
42614786;1;3XS;46;39,56;Top
45806395;0;36DD;37;32,56;Bra
82798623;3;34W/34L;99;84,15;Pants
46460699;4;34W/34L;49;42,14;Pants
42214269;6;30-36;7;5,11;Socks
65078750;4;30W/32L;53;43,46;Pants
95925227;8;XL;68;54,4;Top
12935554;2;M;76;61,56;Top
27708443;7;One Size;13;10,14;Socks
79408685;2;28W/30L;59;41,3;Pants
26415011;9;32C;37;27,75;Bra
48414787;5;32B;66;53,46;Bra
79949517;5;32B;32;24,64;Bra
74566085;9;28W/30L;68;50,32;Pants
88566138;0;One Size;11;7,92;Socks
74313088;5;XL;30;21;Top
70753885;3;36DD;61;50,02;Bra
76406634;3;36D;68;50,32;Bra
89039994;8;30-36;10;7,7;Socks
79408685;0;28W/30L;59;41,3;Pants
69482933;0;2XS;57;48,45;Top
61525798;4;30W/32L;81;58,32;Pants
45439551;9;25-30;5;4,15;Socks
26415011;2;32C;37;27,75;Bra
46460699;1;34W/34L;49;42,14;Pants
33483439;9;28W/30L;71;53,96;Pants
45806395;2;36DD;37;32,56;Bra
21999501;1;36DD;60;42;Bra
58131802;7;36D;38;27,74;Bra
37908379;2;32W/32L;56;45,36;Pants
86532013;5;One Size;11;8,47;Socks
72604356;6;25-30;6;4,32;Socks
73695022;3;25-30;8;6;Socks
45145098;4;36C;67;55,61;Bra
34211310;3;X242S;33;23,43;Top
41138920;1;32B;47;38,07;Bra
33235068;9;36W/34L;115;97,75;Pants
48914291;7;32W/32L;80;64,8;Pants
30359050;3;25-30;14;11,2;Socks
60106565;9;One Size;9;7,47;Socks
40278562;2;One Size;14;11,2;Socks
74481829;2;36D;35;28,35;Bra
17202106;1;30-36;9;6,48;Socks
93265523;2;32W/32L;65;57,85;Pants
95652558;7;36C;65;57,2;Bra
86791396;7;X242S;69;54,51;Top
50343411;4;25-30;7;5,25;Socks
70753885;5;36DD;61;50,02;Bra
36178624;0;28W/30L;108;96,12;Pants
30398793;6;36DD;34;25,16;Bra
74313088;5;XL;30;21;Top
84143988;2;25-30;9;7,56;Socks
16945429;5;3XL;30;22,2;Top
58075606;1;32C;39;28,08;Bra
33981122;0;One Size;14;9,94;Socks
95652558;7;36C;65;57,2;Bra
16957637;8;30W/32L;113;91,53;Pants
52548839;9;36C;37;27,75;Bra
81236120;7;One Size;13;9,75;Socks
66141061;8;2XL;43;30,1;Top
56326945;2;32B;48;42,24;Bra
60866191;7;32BB;36;29,52;Bra
90782199;9;32W/32L;57;44,46;Pants
11051532;8;X242S;56;39,2;Top
75560589;2;30W/32L;51;41,82;Pants
93719171;2;36W/34L;69;51,75;Pants
43889246;8;30-36;5;4,1;Socks
62606390;0;30-36;11;8,91;Socks
16945429;7;3XL;30;22,2;Top
47095460;7;2XL;26;18,2;Top
82938436;8;28W/30L;113;96,05;Pants
41138920;7;32B;47;38,07;Bra
36690229;5;XXS;53;37,63;Top
50643309;0;2XL;74;52,54;Top
97330723;2;36C;32;28,16;Bra
62681678;1;2XS;79;68,73;Top
12377568;0;XXS;50;42,5;Top
43081565;1;X242S;41;34,44;Top
11445225;5;36DD;59;50,15;Bra
42614786;9;3XS;46;39,56;Top
33981122;0;One Size;14;9,94;Socks
93719171;9;36W/34L;69;51,75;Pants
37358727;7;One Size;14;12,04;Socks
85939103;7;30-36;10;8,1;Socks
12991599;4;30-36;13;9,62;Socks
62363367;0;One Size;11;7,81;Socks
73223648;1;30-36;6;4,98;Socks
92355026;8;25-30;14;9,94;Socks
48437973;7;36DD;58;44,66;Bra
17372102;5;30W/32L;66;57,42;Pants
76610344;9;28W/30L;44;36,52;Pants
43290697;2;S;67;47,57;Top
29689273;6;25-30;14;12,04;Socks
21785277;8;32A;36;25,56;Bra
94845186;4;36W/34L;113;83,62;Pants
71851674;2;One Size;14;11,06;Socks
22379658;9;One Size;14;11,9;Socks
33170046;9;S;55;42,35;Top
79779732;3;36W/34L;114;91,2;Pants
80546982;5;XL;75;61,5;Top
42840707;7;32W/32L;91;77,35;Pants
49328405;0;32BB;41;28,7;Bra
21785277;2;32A;36;25,56;Bra
92355026;2;25-30;14;9,94;Socks
42473824;9;One Size;13;11,44;Socks
50643309;0;2XL;74;52,54;Top
85939103;0;30-36;10;8,1;Socks
46069959;8;36DD;32;27,2;Bra
45806395;2;36DD;37;32,56;Bra
17760173;9;3XL;45;39,15;Top
11676792;0;30-36;9;6,48;Socks
41513826;0;32B;32;26,88;Bra
39058448;9;32BB;59;50,74;Bra
74481829;6;36D;35;28,35;Bra
61525798;6;30W/32L;81;58,32;Pants
94349729;2;36W/34L;99;77,22;Pants
72604356;4;25-30;6;4,32;Socks
53699722;6;X242S;59;45,43;Top
64106892;5;2XS;69;53,82;Top
80546982;5;XL;75;61,5;Top
29423508;4;25-30;11;9,35;Socks
30815405;2;3XS;59;43,66;Top
62100070;3;28W/30L;61;45,75;Pants
39058448;9;32BB;59;50,74;Bra
38521515;0;32W/32L;70;53,2;Pants
82938436;6;28W/30L;113;96,05;Pants
58075606;5;32C;39;28,08;Bra
52453043;9;30-36;13;11,05;Socks
37908379;2;32W/32L;56;45,36;Pants
42614786;1;3XS;46;39,56;Top
72358060;3;30W/32L;109;94,83;Pants
93719171;4;36W/34L;69;51,75;Pants
17202106;9;30-36;9;6,48;Socks
12991599;5;30-36;13;9,62;Socks
33170046;7;S;55;42,35;Top
24878415;2;34W/34L;75;58,5;Pants
40078403;1;XXS;78;59,28;Top
27964160;9;36W/34L;67;49,58;Pants
30398793;9;36DD;34;25,16;Bra
